,author,comment,published_at,Number_of_likes
0,@Shorts_feed_10_M,Fuuny ğŸ‰ğŸ˜‚â¤ğŸ‰ğŸ˜‚ğŸ˜‚â¤,2024-10-19T06:30:10Z,2
1,@Shorts_feed_10_M,Wowâ¤ğŸ˜‚ğŸ‰ğŸ˜‚â¤â¤ sandar à¤¶à¥‰à¤°à¥à¤Ÿà¥à¤¸ ğŸ‰ğŸ˜‚â¤â¤â¤,2024-10-19T06:29:55Z,3
2,@MachineWow,The most normal short in India,2024-10-14T00:51:37Z,1
3,@tech.machine2040,The most normal short in India,2024-10-14T00:51:13Z,1
4,@DungMinTV,nice,2024-10-11T10:32:00Z,1
5,@PeesomeHumbert,r/arabfunny,2024-10-03T01:01:36Z,0
6,@CR7R-ur7,Thank you so much 50 subscribers,2024-10-01T14:00:15Z,0
7,@Kids54645,Nice,2024-09-27T06:42:59Z,0
8,@smyclips524,It is really fake,2024-09-26T16:32:40Z,0
9,@RajpalKumar-84048,https://youtube.com/shorts/qJN5zguSFJA?si=kRr6VIBRegLArcfl,2024-09-16T14:06:00Z,0
10,@Funnyremix15,Superr sir great â¤â¤â¤â¤,2024-09-13T16:47:46Z,0
11,@Himanshuthakur24898,â¤â¤,2024-09-11T16:38:54Z,0
12,@Usuegsjhegeu,"Ohio
ğŸ˜‚ğŸ˜‚ğŸ˜‚ğŸ˜‚",2024-09-11T14:10:33Z,0
13,@ChandBhaiNsp,Very dangerous ğŸ˜±,2024-09-07T07:22:14Z,0
14,@Arnavliberty,â¤â¤â¤â¤â¤â¤â¤â¤â¤,2024-08-25T08:38:44Z,0
15,@mitran5701,JjğŸ‰ğŸ‰,2024-08-10T14:27:44Z,1
16,@Imran-ri9xi,"K gsjj DazğŸ˜¢ğŸ‰ğŸ˜…ğŸ˜‚ğŸ˜…ğŸ˜‚

Ok drew iid few qksiu",2024-08-03T06:46:59Z,1
17,@ernestc3050,Don't believe me try to search,2024-07-27T15:41:55Z,1
18,@ernestc3050,Video from China but Why is in your ChannelğŸ˜¡,2024-07-27T15:41:22Z,2
19,@TheRobloxgamer123official,I don't understand this video someone please help me,2024-07-27T01:56:21Z,1
20,@AbdullahJouiya-,Was drunk while  making this video,2024-07-25T07:07:32Z,1
21,@protelprotel9148,Gdhdg yfhuft udhhdu hrh hrhhrhffdud,2024-07-13T11:42:43Z,1
22,@mohmedabomaka9299,Ø¬Ø­Ø®Ø¹ØºÙÙ‚Ø«ØµØ¶Ø·ÙƒÙ…Ø§Ù„Ø³Ø´Ø¯ÙˆØ©Ø¤Ø¤Ø¡Ø°436161331313313333131313313131331322333313313331333131331631346616226616,2024-07-09T22:32:51Z,1
23,@GloryNdubueze-v9q,It is not onlyğŸ˜‚ğŸ˜‚ğŸ˜‚ğŸ˜‚,2024-06-23T15:43:26Z,2
24,@trisi-d7r,Fgdharmawan ydvias,2024-06-23T07:42:34Z,1
25,@Craz-Jasim-099,https://www.youtube.com/@Craz-Jasim-099,2024-06-19T13:18:37Z,1
26,@estheronochie8351,â¤â¤â¤â¤â¤â¤â¤â¤â¤â¤â¤â¤â¤â¤â¤â¤â¤â¤â¤â¤â¤â¤â¤â¤BMW x6,2024-06-18T10:03:16Z,1
27,@randybutternub031,More foolish CCP propaganda!,2024-06-16T01:25:53Z,1
28,@messaoudiismail-ol8ot,ÙŠÙ„ÙƒØ¯Ø¨ÙŠÙ†,2024-06-15T18:27:08Z,1
29,@shamsadvlogs443,ğŸ˜‚,2024-06-10T07:05:03Z,2
30,@edwardyeressian4900,"Ô»Õ¶Õ¹ Õ°Õ¡Õ³Õ¸Ö‚ÕµÖ„ Õ§Ö„ Õ¦Õ£Õ¸Ö‚Õ´ Õ»Õ¡Ö€Õ¤Õ¥Õ¬ ÖƒÕ·Ö€Õ¥Õ¬, Õ½ÕºÕ¡Õ¶Õ¥Õ¬ ÕºÕ¡Õ¿Õ¯Õ¥Ö€Õ¥Õ¬Õ¸Ö‚Ö‰",2024-06-08T09:28:50Z,0
31,@ĞœĞ¸Ñ€Ğ·Ğ¾-Ñ„6Ğ·,Ğ½Ğµ Ğ¼Ğ¾Ğ¶ĞµÑ‚ Ğ±ÑŒÑ‚,2024-06-07T07:19:05Z,0
32,@RodellSantos,Welcome 2 ohio,2024-05-29T10:20:25Z,0
33,@ElliotSagna,ğŸ˜‚,2024-05-26T01:28:39Z,0
34,@yanitee36,Very normal and 2d,2024-05-24T08:16:53Z,0
35,@Knowledgeoftechnology11,https://youtube.com/@knowledgeoftechnology11?si=eSzryRqcKa9X9hoB,2024-05-17T15:14:29Z,0
36,@yondhalink,impossible,2024-04-28T09:35:03Z,0
37,@sntvkannada,"ğŸ‘ŒğŸ‘Œ

https://youtube.com/shorts/ptqWWU9as0U?feature=share",2024-04-25T08:41:28Z,0
38,@Yeeamaxis,This is so braunrot âŒğŸ§ ,2024-04-20T18:27:46Z,0
39,@activetechkaran,Superbbbbbbb bro â¤â¤â¤â¤ğŸ‰ğŸ‰ğŸ‰ğŸ‰,2024-04-17T05:56:08Z,0
40,@aristocrat_exe,This video gave me brain cancer.,2024-04-06T16:41:20Z,1
41,@sampatidevi3172,Technology in Ohio ğŸ’€ğŸ’€,2024-04-03T09:56:12Z,0
42,@WORLDteck-oo3rg,https://youtube.com/shorts/PGU4qR4nnQ4?si=L_CNhjvP_-CBB1W-,2024-03-30T00:02:12Z,0
43,@LynxAnimationsAndGaming,ğŸ’€ğŸ’€,2024-03-20T21:28:38Z,0
44,@Ktg_Katagpatan,Aku â¤sayangğŸ˜‚berkahğŸ‰kamuğŸ˜ŠsayangğŸ˜¢,2024-03-16T11:39:33Z,0
45,@zupergut3015,Wtf is this?,2024-03-01T09:48:41Z,2
46,@milomation869,Zdw,2024-02-29T09:23:16Z,0
47,@Ayoube-xx5hw,Ohio,2024-02-26T19:01:58Z,0
48,@bbpreelinsight,Cool!,2024-01-22T19:30:08Z,0
49,@ìŠ¤ì½œí¬ë…¹,good ğŸ‘,2024-01-03T03:20:00Z,1
50,@ghggythhhghhhgh,physics left the chat....,2024-01-02T11:07:53Z,0
51,@Unknown_Edits919,The most normal short in India,2023-12-10T05:52:39Z,7
52,@beaubalderrama3223,Why did he turn on his side if the thing stayed open anyway?,2023-12-07T01:05:48Z,1
53,@Technologylatest87,Hahaha good,2023-12-02T16:51:14Z,0
54,@wtch-1tn,dang the new car update looking fire,2023-11-30T16:26:40Z,0
55,@Lil_shmeeg,Why cant the ambulance pass through?,2023-11-25T21:32:27Z,2
56,@elienidsanchez6612,"The ambulance: BLOODY HELL!
Gate: bit sad innit?",2023-11-25T15:47:25Z,0
57,@PillarofSmite,I donâ€™t get it.,2023-11-10T02:44:35Z,0
58,@kyleyoung1156,What did I just watch?,2023-11-03T12:45:04Z,1
59,@Talksensible,The van at the end be like â€œwiener wiener wienerâ€ğŸ’€ğŸ’€ğŸ’€,2023-10-31T18:22:05Z,47
60,@AbidAli-kd9hs,Beautiful brother and wonderful country and wonderful place â¤â¤â¤â¤â¤â¤â¤â¤â¤â¤â¤â¤â¤â¤â¤â¤â¤â¤â¤â¤â¤â¤â¤,2023-10-29T07:09:59Z,1
61,@AbidAli-kd9hs,I love this friends and wonderful video thanks for your video â¤â¤â¤â¤â¤â¤â¤â¤â¤â¤â¤â¤â¤â¤â¤â¤â¤â¤â¤â¤â¤â¤â¤â¤,2023-10-29T07:09:05Z,2
62,@Goku2005whaa,Think out of the box ğŸ—¿,2023-10-24T16:27:19Z,1
63,@Happygames-yf1bm,It's a very difficult trick ğŸ˜®ğŸ˜®ğŸ˜®,2023-10-17T06:43:54Z,4
64,@murariyt9757,Nonsense technology ğŸ‘ğŸ‘,2023-09-20T13:21:21Z,0
65,@googleboot-i5e,ğŸ˜­Wtf,2023-09-12T21:15:21Z,0
66,@BuddyWon19,When you flip over the extra side tires save u,2023-08-27T17:34:31Z,1
67,@freddyben5077,Welcome to Ohio,2023-08-25T10:44:48Z,1
68,@technical__ideas,ğŸ˜‚ğŸ˜‚,2023-08-20T08:50:13Z,0
69,@girijashankarsutar,"https://youtu.be/SjhStJvf-Oc
https://youtu.be/SjhStJvf-Oc
https://youtu.be/SjhStJvf-Oc
https://youtu.be/SjhStJvf-Oc
https://youtu.be/SjhStJvf-Oc",2023-08-20T07:30:34Z,0
70,@scamman2192,What's the point,2023-08-19T08:21:09Z,0
71,@realnano,https://www.youtube.com/watch?v=anwToLnq5JE,2023-08-07T20:11:37Z,0
72,@RameshThapa1,Das auto :,2023-07-29T17:47:09Z,0
73,@ramisanjay3019,Welcome to Ohio ğŸ’€,2023-07-24T14:48:52Z,4
74,@PH0NKdrive1357,Dumbest thing ever,2023-07-18T19:12:46Z,0
75,@HypnoCroak.,What does it do exactly,2023-07-15T09:09:08Z,0
76,@Dschaudhary2545,"Checkout Tech Future :-

https://dstechnology007.blogspot.com/?m=1",2023-07-09T17:22:21Z,0
77,@McMoneyOffical,GTA 6 teaser,2023-06-28T18:14:07Z,39
78,@Twinkletoe123,Welcome 2 OhioğŸ¤‘,2023-06-06T22:37:25Z,184
79,@virendrabaghel1723,.,2023-05-25T12:22:58Z,0
80,@lauralaicaldera5057,it's ohio,2023-05-15T06:09:22Z,0
81,@OviliaClendy,0et0ry. Rw. Vc0zsğŸ˜…ğŸ˜Š,2023-05-13T05:57:46Z,0
82,@marinalvaramos67,Porque vocÃª nÃ£o ajudou o ambulÃ¢ncia,2023-05-11T10:05:57Z,1
83,@thehiddenartist.1,VfxğŸ¤¦ğŸ»â€â™‚ï¸ğŸ˜’,2023-05-11T07:13:12Z,1
84,@AuraZakiya,ğŸ˜±ğŸ˜±ğŸ˜±ğŸ˜±ğŸ˜±ğŸ˜±ğŸ˜±ğŸ˜±ğŸ˜±ğŸ˜±ğŸ˜±ğŸ˜±ğŸ˜±ğŸ˜±ğŸ˜±ğŸ˜±ğŸ˜±ğŸ˜±ğŸ˜±ğŸ˜±ğŸ˜±ğŸ˜±ğŸ˜±ğŸ˜±ğŸ˜±ğŸ˜±ğŸ˜±ğŸ˜±ğŸ˜±ğŸ˜±ğŸ˜±ğŸ˜±ğŸ˜±ğŸ˜±ğŸ˜±ğŸ˜±ğŸ˜±ğŸ˜±ğŸ˜±ğŸ˜±ğŸ˜±ğŸ˜±ğŸ˜±ğŸ˜±ğŸ˜±ğŸ˜±ğŸ˜±ğŸ˜±ğŸ˜±ğŸ˜±ğŸ˜±ğŸ˜±ğŸ˜±ğŸ˜±ğŸ˜±ğŸ˜±ğŸ˜±ğŸ˜±ğŸ˜±ğŸ˜±ğŸ˜±ğŸ˜±ğŸ˜±ğŸ˜±ğŸ˜±ğŸ˜±ğŸ˜±ğŸ˜±ğŸ˜±ğŸ˜±ğŸ˜±ğŸ˜±ğŸ˜±ğŸ˜±ğŸ˜±ğŸ˜±ğŸ˜±ğŸ˜±ğŸ˜±ğŸ˜±ğŸ˜±ğŸ˜±ğŸ˜±ğŸ˜±ğŸ˜±ğŸ˜±ğŸ˜±ğŸ˜±ğŸ˜±ğŸ˜±ğŸ˜±ğŸ˜±ğŸ˜±ğŸ˜±ğŸ˜±ğŸ˜±ğŸ˜±ğŸ˜±ğŸ˜±ğŸ˜±ğŸ˜±ğŸ˜±ğŸ˜±ğŸ˜±ğŸ˜±,2023-05-11T04:13:49Z,0
85,@randomfandom4H,I'm so confused,2023-05-11T02:09:13Z,0
86,@songulklc4948,ğŸ˜ŠğŸ˜Š,2023-05-10T12:49:19Z,0
87,@RocsanaWilliams-js8bt,ğŸ˜† for they have,2023-05-08T03:39:12Z,1
88,@meganosladil6674,I prayed that that person was still aliveğŸ‘ğŸ»ğŸ‘ğŸ»ğŸ‘ğŸ»ğŸ‘ğŸ»,2023-05-07T00:29:44Z,1
89,@susanclancy2104,What the fuck,2023-05-06T19:03:32Z,0
90,@jaysonbautista7008,ğŸ§ğŸ¤ğŸ¤¬ğŸ¤¯ğŸ¤–ğŸ¤–ğŸ‘½ğŸ˜,2023-05-06T11:06:32Z,0
91,@jessicalewis5161,Is this the future? I'm pretty sure it is,2023-05-04T01:42:10Z,3
92,@Karelyperaza1234,:),2023-05-02T06:58:21Z,1
93,@ĞĞ°Ñ‚Ğ°Ğ»ÑŒÑĞ’Ğ°ÑĞ¸Ğ»ÑŒĞµĞ²Ğ°-Ğ»1Ğ²,ĞĞµ ÑƒÑĞ¿ĞµÑ Ğ¿Ñ€Ğ¸ĞµÑ…Ğ°Ñ‚ÑŒ Ğ½Ğ° ÑĞ»ĞµĞ´ÑƒÑÑ‰ĞµĞ¹ ÑÑ‚Ñ€Ğ°Ğ½Ğ¸Ñ†Ğµ Ğ² ÑĞ¾Ñ†Ğ¸Ğ°Ğ»ÑŒĞ½Ğ¾Ğ¹ ÑĞµÑ‚Ğ¸ Ğ’ĞšĞ¾Ğ½Ñ‚Ğ°ĞºÑ‚Ğµ Ğ² Ğ¿ÑÑ‚Ğ½Ğ¸Ñ†Ñƒ Ğ²ĞµÑ‡ĞµÑ€Ğ¾Ğ¼ Ğ¸Ğ»Ğ¸ Ğ·Ğ°Ğ²Ñ‚Ñ€Ğ° ÑƒÑ‚Ñ€Ğ¾Ğ¼ Ñ Ğ±ÑƒĞ´Ñƒ Ğ½Ğ°Ñ…Ğ¾Ğ´Ğ¸Ñ‚ÑŒÑÑ Ğ² ĞœĞ¾ÑĞºĞ²Ğµ Ğ¸ Ğ² ÑÑ‚Ğ¾Ğ¼ Ğ³Ğ¾Ğ´Ñƒ Ğ½Ğµ ğŸ˜®ĞºĞ°Ñ‚Ğ°ÑÑÑŒ Ğ½Ğ° ÑĞ°Ğ¹Ñ‚Ğµ Ğ² Ñ€Ğ°Ğ·Ğ´ĞµĞ»Ğµ Ğ·Ğ°Ğ´Ğ°Ñ‚ÑŒ Ğ²ÑĞµ Ñ‚Ğ°ĞºĞ¸ Ğ² Ğ¿ÑÑ‚Ğ½Ğ¸Ñ†Ñƒ Ğ² Ğ¿ĞµÑ€Ğ²Ğ¾Ğ¹ Ğ¿Ğ¾Ğ»Ğ¾Ğ²Ğ¸Ğ½Ğµ Ğ³Ğ¾Ğ´Ğ° Ğ² Ğ³Ğ¾Ğ´ Ğ½Ğ° ÑĞ°Ğ¹Ñ‚Ğµ Ğ² ĞºĞ°Ñ‡ĞµÑÑ‚Ğ²Ğµ Ğ±Ğ¾Ğ½ÑƒÑĞ° Ğ² Ğ²Ñ‹Ñ…Ğ¾Ğ´Ğ½Ñ‹Ğµ Ğ² Ğ¿ÑÑ‚Ğ½Ğ¸Ñ†Ñƒ Ğ² Ñ€Ğ°Ğ¹Ğ¾Ğ½Ğµ Ğ² Ğ¿ÑÑ‚Ğ½Ğ¸Ñ†Ñƒ Ğ²ĞµÑ‡ĞµÑ€Ğ¾Ğ¼ Ğ¸Ğ»Ğ¸ Ğ·Ğ°Ğ²Ñ‚Ñ€Ğ° Ğ² Ñ‚ĞµÑ‡ĞµĞ½Ğ¸Ğ¸ Ğ´Ğ½Ñ Ñ Ğ±ÑƒĞ´Ñƒ Ğ½Ğ°Ñ…Ğ¾Ğ´Ğ¸Ñ‚ÑŒÑÑ Ğ² Ğ¾Ñ‚Ğ¿ÑƒÑĞºĞµ Ğ¸ Ğ½Ğµ Ñ‚Ğ¾Ğ»ÑŒĞºĞ¾ Ğ² ÑĞ»ÑƒÑ‡Ğ°Ğµ ĞµÑĞ»Ğ¸ Ğ²Ñ‹ Ğ½Ğµ Ñ…Ğ¾Ñ‚Ğ¸Ñ‚Ğµ Ñ‡Ñ‚Ğ¾Ğ±Ñ‹ Ğ¼Ñ‹ Ñ Ğ²Ğ°Ğ¼Ğ¸ Ğ¸ Ñ Ğ½Ğ¸Ğ¼ Ğ½Ğµ Ñ‚Ğ°Ğº Ğ¼Ğ½Ğ¾Ğ³Ğ¾ Ğ²Ñ€ĞµĞ¼ĞµĞ½Ğ¸ ğŸ˜‚ğŸ˜‚ğŸ˜‚ğŸ˜‚ğŸ˜‚ğŸ˜‚ğŸ˜‚ğŸ˜‚ğŸ˜‚ğŸ˜‚ğŸ˜‚ğŸ˜‚ğŸ˜‚ğŸ˜‚ğŸ˜‚ğŸ˜‚ğŸ˜‚ğŸ˜‚ğŸ˜‚ğŸ˜‚ğŸ˜‚ğŸ˜‚ğŸ˜‚â¤â¤â¤â¤â¤â¤â¤â¤â¤â¤â¤â¤â¤â¤â¤â¤â¤â¤â¤â¤â¤â¤â¤â¤â¤â¤â¤â¤â¤,2023-05-01T16:51:49Z,0
94,@fatmaakdeniz7891,U dont know the futureğŸ˜’ğŸ™„ğŸ˜‘,2023-04-30T19:01:28Z,0
95,@marcintrepkowski3640,its not a future its ohio,2023-04-30T17:30:48Z,2
96,@nouicerabdejalil8124,BruhğŸ’©ğŸ’©ğŸ’©ğŸ’©ğŸ’©ğŸ’©ğŸ’©ğŸ’©ğŸ’©ğŸ’©ğŸ’©ğŸ’©ğŸ’©ğŸ’©ğŸ’©ğŸ’©ğŸ’©ğŸ’©ğŸ’©ğŸ’©ğŸ’©ğŸ’©ğŸ’©ğŸ’©ğŸ’©ğŸ’©ğŸ’©ğŸ’©ğŸ’©ğŸ’©ğŸ’©ğŸ’©ğŸ’©ğŸ–•ğŸ–•ğŸ–•ğŸ–•ğŸ–•ğŸ–•ğŸ–•ğŸ–•ğŸ–•ğŸ–•ğŸ–•ğŸ–•ğŸ–•ğŸ–•ğŸ–•ğŸ–•ğŸ–•ğŸ–•ğŸ–•ğŸ–•ğŸ–•ğŸ–•ğŸ–•ğŸ–•ğŸ–•ğŸ–•ğŸ–•ğŸ–•ğŸ–•ğŸ–•ğŸ–•ğŸ–•ğŸ–•ğŸ‘ğŸ‘ğŸ‘ğŸ‘ğŸ‘ğŸ‘ğŸ‘ğŸ‘ğŸ‘ğŸ‘ğŸ‘ğŸ‘ğŸ‘ğŸ‘ğŸ‘ğŸ‘,2023-04-27T19:14:57Z,0
97,@DustinWelton-o4u,ğŸ˜‚ğŸ˜‚ğŸ˜‚ğŸ˜‚ğŸ˜‚ğŸ˜‚,2023-04-27T16:28:59Z,2
98,@selahattinipek2109,Ã‡ok.     Sacma,2023-04-26T17:36:51Z,0
99,@zxcvbnmzxcvbnm7716,ğŸ˜±ğŸ˜±ğŸ˜±ğŸ˜±ğŸ˜±ğŸ˜±ğŸ˜±ğŸ˜±ğŸ˜±ğŸ˜±ğŸ˜±ğŸ˜±ğŸ˜±ğŸ˜±,2023-04-25T18:27:46Z,1
100,@Ø²ÙŠÙ†Ù‡Ø§Ø­Ù…Ø¯-Ù‚7Ø°,ğŸ˜‚,2023-04-25T11:04:28Z,2
101,@Ø²ÙŠÙ†Ù‡Ø§Ø­Ù…Ø¯-Ù‚7Ø°,ğŸ˜‚,2023-04-25T11:04:15Z,1
102,@Ø²ÙŠÙ†Ù‡Ø§Ø­Ù…Ø¯-Ù‚7Ø°,Ø²Ø¨,2023-04-25T11:03:52Z,0
103,@Ø²ÙŠÙ†Ù‡Ø§Ø­Ù…Ø¯-Ù‚7Ø°,Ø²Ø¨,2023-04-25T11:03:30Z,0
104,@Ø²ÙŠÙ†Ù‡Ø§Ø­Ù…Ø¯-Ù‚7Ø°,Ø²Ø¨,2023-04-25T11:03:12Z,0
105,@Ğ—ÑƒÑ€Ğ°Ğ½ĞĞ·Ğ´Ğ°Ğ¼Ğ¸Ñ€Ğ¾Ğ²Ğ°-Ñƒ1Ğ´,ĞĞ¾Ğ¾Ğ¾Ğ»Ğ¾,2023-04-24T08:50:55Z,0
106,@Jeudy379,OHAIO jajajajajjajajajjajajajjajajajajajajajajjajjajajjajajajajajajjakajakaakkakakiaiaiaiaiiaiaijijkjjijij,2023-04-24T02:02:17Z,0
107,@LeslieFredregill-uc2eh,is that real life,2023-04-22T18:30:04Z,0
108,@michelledique-ix3du,hdniwbxdgyâ¤,2023-04-22T10:38:30Z,0
109,@ahmadarkan6004,sytirytfğŸ˜ğŸ˜˜ğŸ’œğŸ’‘ğŸ±ğŸ‡¹ğŸ‡¯â£,2023-04-21T19:45:10Z,0
110,@giacomochiamante9283,O RICHIESTA DI,2023-04-19T16:15:13Z,0
111,@petrafulekova,Jak je,2023-04-18T12:36:14Z,0
112,@gdpsplayer-q2y,Ohio car be like,2023-04-16T23:10:02Z,3
113,@NOOD-w6c,ÙƒØ±Ø§Ù†Ø¬ â¤,2023-04-16T18:48:43Z,0
114,@SultanBeyli-bz3pp,Ù†Ø­Ø· Ù„Ùƒ Ù„Ø§ÙŠÙƒ,2023-04-16T15:44:04Z,0
115,@limo1795,A normal day in Ohio:,2023-04-16T14:32:25Z,7
116,@sakitazudiyeva-zu9xk,ğŸ˜‚ğŸ˜‚ğŸ˜‚,2023-04-16T13:51:31Z,0
117,@cheryltendencia3914,Yes ma'am self conscious of the year model Mitsubishi outland,2023-04-16T11:08:02Z,5
118,@RamziHossin-py4tr,Ø³Ù„Ø§Ù… Ø§Ù„Ù„Ù‡,2023-04-15T17:58:28Z,0
119,@slvikatharinabalerud6769,DÃ¥lig vidijo,2023-04-15T15:26:56Z,0
120,@ks944,what is the use of it,2023-04-15T13:26:33Z,0
121,@denisegraff8083,OHIO,2023-04-15T12:03:28Z,0
122,@Ğ˜Ñ€Ğ¸Ğ½Ğ°ĞšĞ¾Ğ½Ğ¾Ğ½Ğ¾Ğ²Ğ°-Ğ»9Ñ„,ğŸ˜¡ğŸ˜¡ğŸ˜¡ ĞµÑ…Ğ°Ğ»Ğ° ÑĞºĞ¾Ñ€Ğ°Ñ Ğ¿Ğ¾Ğ¼Ğ°Ñ‰,2023-04-15T12:03:19Z,0
123,@ÙŠÙ‚ÙŠÙ†Ø§Ù„ÙØªÙ„Ø§ÙˆÙŠ-Ø°5Ù,Ù„Ø§ Ù„Ø§ Ù„Ø§ Ù„Ø§â¤,2023-04-14T21:36:05Z,1
124,@nicolevandyke7546,How did the one go sideways,2023-04-14T03:28:15Z,1
125,@Empax_Death,"Nadie


Las calles mÃ¡s normales de EspaÃ±a:",2023-04-10T13:02:08Z,1
126,@MasterAquatics,Wow... 220 million people watched and thought.... wow.... this is interesting....,2023-04-05T21:09:24Z,1
127,@papaoumarcisse8529,What is the point ???,2023-04-05T15:33:25Z,7
128,@FaizanMalik-nq3nu,Hi,2023-04-05T04:03:34Z,0
129,@KavithaKavi-io6ze,This is really,2023-04-04T06:57:40Z,0
130,@FiazKhan-qc2eq,Th,2023-04-03T14:11:31Z,0
131,@Unknowngamerrlive,Bhai ambulance ğŸš‘ ko to jane deta ğŸ¤£ğŸ¤£,2023-04-02T15:31:11Z,2
132,@ruslanmadenov3446,ğŸ¤ŒğŸ–•,2023-04-01T07:50:39Z,0
133,@amindersingh9576,â¤â¤â¤â¤â¤,2023-03-31T18:49:03Z,0
134,@alok_thakur589,â¤â¤â¤â¤â¤â¤,2023-03-31T14:04:12Z,1
135,@Ğ’Ğ°ÑÑĞ—Ğ°Ğ²Ğ°Ñ†ÑŒĞºĞ¸Ğ¹,Ğ©Ğ¾ Ğ·Ğ° Ñ„Ñ–Ğ³Ğ½Ñ Ğ½Ğ°Ñ„Ñ–Ğ³  Ñ†Ğµ Ğ³Ğ¾Ğ±Ğ¸Ñ‚,2023-03-30T11:14:21Z,0
136,@parmeshbairu,Mdg,2023-03-29T08:48:08Z,0
137,@MdAfakAlam-pr1ql,â¤,2023-03-26T11:14:23Z,2
138,@apollosheth7360,Dont   know   ambulance,2023-03-25T07:28:28Z,0
139,@sneebert,bro was going through it,2023-03-21T17:19:55Z,0
140,@JunaidIqbal-lo3pm,ğŸ˜®ğŸ˜®ğŸ˜®ğŸ˜®,2023-03-21T12:50:00Z,1
141,@ilhomjonayubjonov2155,ğŸ˜…,2023-03-21T09:19:58Z,0
142,@MDsanawer-sh1gk,Ths,2023-03-21T03:52:07Z,0
143,@tayyabzx5509,Wow,2023-03-19T05:59:34Z,0
144,@RajaKumar-tm2gf,Hiui,2023-03-17T09:35:24Z,1
145,@mdfaij2004,hf,2023-03-16T05:58:45Z,0
146,@davidnovruzov3532,108(8)/??????â‚¬{q),2023-03-15T11:22:04Z,0
147,@waqarbutt-ep1vm,it's only Chinese chotyap,2023-03-14T06:57:16Z,2
148,@nawabzadakamranmalik5985,Ya Pakistani driver tha phly Wala,2023-03-13T15:11:17Z,3
149,@saifbabutechnology,https://www.youtube.com/@saifbabutechnology,2023-03-13T04:38:03Z,0
150,@tiagopinho2169,ğŸ˜²ğŸ˜²â˜ ï¸â˜ ï¸,2023-03-12T15:55:09Z,0
151,@SushilKumar-wu5dp,Ya kon sa dasi ma ho raha ha,2023-03-12T10:29:21Z,0
152,@mangilalmuniya-df9lp,No 4u888u78â¸â¹9898999nnbh,2023-03-10T08:11:57Z,0
153,@Noahthenewchannel,What the hell no one will build that,2023-03-09T13:07:57Z,0
154,@rajivkumarkumar7151,nice,2023-03-09T11:37:28Z,0
155,@Ğ¡ĞµĞ¼ĞµĞ½Ğ¡Ğ¸Ğ¼ÑĞ¾Ğ½,Ğ¢Ñ‹ÑˆÑ‚Ğ¾,2023-03-08T12:24:13Z,0
156,@rohitking8791,Kerala se Kar kabhi,2023-03-08T05:58:41Z,0
157,@manishpachauri6514,Present mein raha karo futhure ki to sarkar dekhe gi,2023-03-07T15:46:53Z,0
158,@Shikdar-rr5yn,wow,2023-03-07T09:24:26Z,3
159,@kyototomokui6676,This was the weirdest shit Iâ€™ve ever seen.,2023-03-06T14:43:49Z,7
160,@arunasonisoni5703,Why?,2023-03-06T13:32:18Z,0
161,@sanketwarkade-ti4br,Nice,2023-03-05T04:32:19Z,3
162,@mdboney6831,Vhe,2023-03-03T07:45:21Z,0
163,@chandramani3569,It is false,2023-03-03T06:52:45Z,0
164,@mdsomrat-cz9eg,Uuiikkk,2023-03-02T09:17:14Z,0
165,@t5gr-official,G MM MM,2023-03-01T16:16:17Z,0
166,@sitinornadyaahmad4953,Terima.    Terima.  Terima.     Terima.     Terima.  Terima.    Terima,2023-02-23T11:23:13Z,0
167,@àª«à«‡àª¨àª“àª«àª¬àª°àªµàªŸàª¿àª¯àª¾,Amazing bhai  ambulance ko hi rukna Pada,2023-02-21T04:44:16Z,2
168,@takumifujiwara3039,"Dumb china crapğŸ˜‚
Look at the dystopian air pollution in the background.... thats the real china",2023-02-18T20:27:19Z,0
169,@sumanchoudhary1898,But anyone tell me what is the use of this nonsense technology. Technology should be of our use,2023-02-15T12:30:27Z,1
170,@rasoolbakishsamejo,https://youtube.com/shorts/w6n-U0vPJ9s?feature=share ÛŒÛŒ,2023-02-15T09:17:53Z,0
171,@mostafaakira,ØªÙ…,2023-02-14T20:21:47Z,0
172,@khadiijomacalin1106,Tttt,2023-02-12T12:21:05Z,0
173,@madhubera9514,Fack,2023-02-10T14:28:08Z,0
174,@takyisolomon9342,Collect,2023-02-10T00:18:26Z,0
175,@pariagroya172,ğŸ˜‚ğŸ˜‚ğŸ˜‚ğŸ‰ğŸ˜‚,2023-02-08T03:12:29Z,2
176,@vaskarbanik4564,ğŸ˜„ğŸ˜†ğŸ˜†ğŸ‘,2023-02-07T13:56:12Z,0
177,@rajeshkatwal7237,Good,2023-02-04T15:00:09Z,0
178,@lalsherkhan9405,â¤ï¸â¤ï¸â¤ï¸â¤ï¸â¤ï¸â¤ï¸ğŸ‡µğŸ‡°ğŸ‡µğŸ‡°ğŸ‡µğŸ‡°â¤ï¸ğŸŒ¹ğŸŒ¹ğŸ’˜ğŸ’˜ğŸ’—ğŸ’—ğŸ’”ğŸ’”ğŸ‘„ğŸ‘„ğŸ‘„ğŸŒ¹ğŸŒ¹,2023-02-04T12:20:20Z,0
179,@agemost3.0,Good,2023-02-03T07:08:38Z,0
180,@Rsxgamerzyt39,what isgamenamevplz,2023-02-01T15:04:46Z,0
181,@Krishna36254,Good,2023-01-29T16:57:58Z,1
182,@Astvibes,â¤,2023-01-29T14:11:35Z,3
183,@faheemahmed1736,waha,2023-01-29T10:10:31Z,0
184,@PK_499,PhysicsğŸ¤¨,2023-01-27T13:28:30Z,0
185,@OrangeJae,A normal day in ohio be like:,2023-01-26T12:43:06Z,1
186,@subhamsubham2733,Op,2023-01-23T04:19:08Z,2
187,@zareenbegum8609,NNN.  NICE ğŸ‘ what a. Carrrrrr,2023-01-22T17:39:33Z,0
188,@akhtarali001,Haa,2023-01-22T15:09:03Z,0
189,@PurpleBalm,"One word sums this up...




Why",2023-01-22T10:34:28Z,0
190,@scummymummy2548,Is this real???,2023-01-21T21:50:08Z,0
191,@sufiyanali5763,Love you maa,2023-01-20T04:08:24Z,1
192,@ManishKumar-on7hk,à¤Š,2023-01-19T04:57:08Z,0
193,@MdJahangir-wq7tc,Bhosdi kakuch. Bhi daldetagai,2023-01-18T11:54:29Z,0
194,@puspalatajena8150,Are some are,2023-01-16T09:59:16Z,0
195,@Ammaya_writes,https://youtube.com/shorts/VcqhXDuYC54?feature=share,2023-01-13T17:21:55Z,0
196,@kumkumkumkum4206,?????????,2023-01-09T04:30:06Z,0
197,@rayrayandnae1507,Ambulance guy like now what do we do nowğŸ¤£ğŸ¤£,2023-01-08T08:31:29Z,2
198,@colemedico3575,So cool,2023-01-07T05:00:20Z,0
199,@albayrak.gorkem,0,2023-01-05T13:27:29Z,0
200,@fakirathakur4934,Hum aise desh ko nahi  mante jaha ambulance ke liye rasta na ho  sala Chutiya hut idhar,2023-01-02T13:06:04Z,0
201,@azeezcpafutu5610,ğŸ˜‚ğŸ˜‚ğŸ˜‚ğŸ˜‚,2022-12-31T10:36:18Z,1
202,@krithikamaruthi1714,Most normal road in Ohio,2022-12-30T13:07:25Z,4
203,@tarunjuadi9623,ğŸ™ğŸ™ğŸ™ğŸ™ğŸ™ğŸ™ğŸ™ğŸ™ğŸ™ğŸ™ğŸ™,2022-12-25T09:51:18Z,0
204,@namonarayan5297,Llk,2022-12-20T13:53:39Z,0
205,@dolarrupiah742,sorry.. I want permission to share your video ğŸ™ğŸ˜„,2022-12-19T14:10:03Z,1
206,@badboymangu,https://youtube.com/shorts/y6nHChsx-GU?feature=share,2022-12-17T17:02:45Z,0
207,@mohammedsharieremon7571,ğŸ˜„ğŸ˜„ğŸ˜„,2022-12-12T13:34:41Z,1
208,@aayusvlog123,ğŸ‘ŒğŸ‘Œ,2022-12-10T10:15:20Z,0
209,@hamssetoutoure2676,Il faut nous rÃ©cepeiton,2022-12-09T09:08:32Z,1
210,@yayadembele1050,ğŸ¥°ğŸ¥°ğŸ¥°ğŸ¥°,2022-12-06T20:58:03Z,4
211,@gazalayasmeen3840,vay,2022-12-05T04:05:41Z,0
212,@hirabendabhi8908,ğŸ˜˜ğŸ˜˜ğŸ˜˜ğŸ˜˜ğŸ˜˜ğŸ˜˜ğŸ˜˜ğŸ˜˜,2022-12-04T18:03:46Z,0
213,@metatox787,normal car in ohio,2022-11-27T02:44:06Z,0
214,@beuwm,this is the most 2 dimensional animation I've seen so far,2022-11-21T06:05:56Z,19
215,@hafidnurrahman9845,Jalan kopet,2022-11-18T23:12:51Z,0
216,@bweexl279,That patient is gonna die soon ğŸ’€,2022-11-17T13:22:02Z,0
217,@bweexl279,That patient is gonna die soon ğŸ’€,2022-11-17T13:22:02Z,0
218,@Waseem0044,hi,2022-11-06T02:51:35Z,0
219,@i_love_neuvi1111,Wth,2022-10-30T10:08:40Z,0
220,@saturn6926,Only in Ohio ğŸ’€,2022-10-28T23:37:13Z,36
221,@skstudiohrp9475,àªŠàª‹àª•àª§àª•àªjdhxhddhhd,2022-10-26T15:57:28Z,0
222,@msandifort22,Ima stay in the past if this is the future ğŸ‘ğŸ»,2022-10-26T14:57:45Z,5
223,@shafeeqkutty7233,ğŸ‘ğŸ‘ğŸ‘ğŸ‘ğŸ‘,2022-10-26T14:27:13Z,0
224,@helenmirabite7340,Why do you need this on the future          ğŸ–•ğŸ˜†ğŸ–•,2022-10-26T09:00:12Z,0
225,@jaharsingyadav8067,U,2022-10-25T13:23:46Z,0
226,@josephfernandes8397,Nonsense,2022-10-25T04:22:40Z,0
227,@mirbilal9387,Iu,2022-10-24T11:49:35Z,0
228,@belginbelginov6497,"Hear me out if your reading this pls answer this question

Is that fixing or breaking I lost 5 brain cells and comment this to answer",2022-10-23T12:40:58Z,1
229,@TJ-ot8lm,ğŸ˜‚,2022-10-22T07:57:43Z,1
230,@rogerarcher1462,BrO,2022-10-21T20:54:20Z,0
231,@RonSpina,Nice ğŸ˜‚ğŸ˜‚,2022-10-21T11:44:27Z,0
232,@mr..__clean,bruh 3D CGI but it says 2D wth,2022-10-21T11:02:16Z,0
233,@stanranger24,wtf did I just see,2022-10-21T00:51:47Z,3
234,@ĞÑ€Ñ‚Ñ‘Ğ¼Ğ¿Ğ»ĞµĞ¹-Ñ3Ñ†,Ğ¾Ğ¿ÑÑ‚ÑŒ 20789 Ğ³Ğ¾Ğ´,2022-10-20T16:34:03Z,3
235,@Nemotwtv,Montage lvl 1000000,2022-10-20T15:45:52Z,3
236,@ã‚„ã¯ã‚„ã¯-f3b,è¶³æ­¢ã‚ãª,2022-10-20T15:22:04Z,0
237,@gisellebarros9687,No,2022-10-19T21:28:11Z,0
238,@ayumii1958,XDDD how the car movedğŸ˜­ğŸ˜­ğŸ˜­,2022-10-19T16:18:02Z,4
239,@matanthegamer3527,2d?,2022-10-19T12:52:07Z,5
240,@ĞœĞ°ĞºÑ-Ğ¾9Ğ¼4Ñ,Wtf,2022-10-19T12:51:15Z,0
241,@AnElMa80,How this got so many likes????,2022-10-17T19:34:00Z,3
242,@Rajputana518,The ğŸš‘ ambulance. Am I joke to you,2022-10-17T11:32:08Z,5
243,@Ğ“Ò¯Ğ»Ğ¶Ğ°Ğ·Ğ¸Ñ€Ğ°Ğ¢Ğ°Ğ¹ÑĞ°Ğ»Ğ¾Ğ²Ğ°,ğŸ˜‚ğŸ˜ğŸ˜ğŸ˜,2022-10-17T10:21:50Z,1
244,@StarFruitVR_GT,The ambulance.   Am I a joke to you,2022-10-17T06:27:43Z,1
245,@thebestdoggyintheworld5128,"Car: I know how to do this. 
Ambulance: oh crap. uhh hold on patient
Patient: good bye earthâ€¦..",2022-10-16T14:40:02Z,1
246,@xiangjingbai1262,This is fake,2022-10-16T14:39:27Z,1
247,@ayyubkhan2068,Very baid technology,2022-10-16T12:33:54Z,0
248,@Ø§Ù„Ø¬ÙˆÙƒØ±-Ø´5Ø¹,Ø£Ù…ÙŠØ± Ø§Ù„Ø¬Ù†Ø§Ø¨ÙŠ,2022-10-16T10:11:18Z,1
249,@jsckeruz,wha-,2022-10-16T02:53:36Z,1
250,@studiobysaadi,Amazing,2022-10-15T22:11:38Z,1
251,@AB-on-YT,Yo the title sid 2D animation,2022-10-15T15:24:58Z,1
252,@joediggity7287,Bro wtf how does this have 1.4 million likes,2022-10-15T14:22:42Z,2
253,@ImAndrei0,"The ambulance: ""what the f*ck?""",2022-10-15T07:50:55Z,1
254,@ilikemazdas,cars cant do this so your telling me if there is an emergency like a man dying  this idiotic thing wont let it in and the man just gonna die,2022-10-15T07:16:38Z,0
255,@R6_Only,Fucking china,2022-10-15T06:45:02Z,0
256,@ìµœë³´ë³´ìŠ¤,ì°¸ ê±°ì§€ê°™ì€ ë§ìƒì´ë‹¤,2022-10-14T13:18:20Z,0
257,@MukeshSingh-oj2tj,Dirty,2022-10-14T13:14:08Z,0
258,@stellarclade,Fake,2022-10-14T09:52:52Z,0
259,@mohasinasarmi4486,HahahahahahahahahahahahğŸ˜€ğŸ˜€ğŸ˜€ğŸ˜„ğŸ˜„ğŸ˜„ğŸ˜„ğŸ˜„ğŸ’•ğŸ˜„ğŸ˜„ğŸ˜„ğŸ˜„ğŸ˜„ğŸ˜„ğŸ˜„ğŸ˜„ğŸ˜ƒğŸ˜ƒğŸ˜ƒğŸ˜ƒğŸ˜ƒğŸ¤£ğŸ¤£ğŸ¤£ğŸ¤£ğŸ¤£ğŸ¤£ğŸ¤£ğŸ˜‚ğŸ˜‚ğŸ˜‚ğŸ˜‚ğŸ˜‚ğŸ˜­ğŸ˜­ğŸ˜­ğŸ˜­ğŸ˜­ğŸ˜­,2022-10-14T06:37:47Z,0
260,@stefanidean8863,Fakes,2022-10-13T22:18:03Z,0
261,@lujan7112,KkkkğŸ˜ğŸ˜ğŸ˜‘ğŸ˜‘,2022-10-13T22:11:11Z,0
262,@kevinstack1357,Imagine if that was real ğŸ¤£,2022-10-13T22:04:13Z,4
263,@marciobicotopan6264,"A ambulÃ¢ncia que teria de ter prioridade de passar,  foi impedida! Que tecnologia de merda Ã© essa? Acho que estÃ£o falando da tecnologia do carro que virou de lado e passou sÃ³ com as duas rodas, nÃ©? NÃ£o gostei! O carro passou porque tem tecnologia e a ambulÃ¢ncia que auxilia no salvamento de vidas, como fica? Isso Ã© ridÃ­culo!",2022-10-13T21:29:39Z,0
264,@nisamusic2192,Why,2022-10-13T19:37:30Z,0
265,@SethSyrup,2d animation?? That's 3d,2022-10-13T19:27:45Z,2
266,@husainahmad9521,And then,2022-10-13T15:23:56Z,0
267,@kemb443,ğŸ˜‚ğŸ˜‚ğŸ˜‚ğŸ˜‚ğŸ˜‚,2022-10-13T13:17:08Z,1
268,@Redmiinestephanie,Lucu yach,2022-10-13T01:22:59Z,7
269,@El_vispen,Very much good ğŸ˜‚ğŸ˜…ğŸ˜ŠğŸ‰ğŸ‰ ğŸ¥ºğŸ˜¡ğŸ˜¡ğŸ¤¯ğŸ¤¯ğŸ˜­ğŸ¤¯ğŸ¤’ğŸ¤ŒğŸ¤ŒğŸ¤ŒğŸ¤ŒğŸ¤ŒğŸ¤ŒğŸ¤ŒğŸ¤ŒğŸ‘ŒğŸ‘ŒğŸ‘ŒğŸ‘ŒğŸ‘ŒğŸ‘ŒğŸ‘ŒğŸ‘ŒğŸ‘ŒğŸ‘ŒğŸ‘ŒğŸ‘ŒğŸ‘ŒğŸ‘ŒğŸ‘ŒğŸ¿ğŸ‘ŒğŸ¿ğŸ‘ŒğŸ¿ğŸ‘ŒğŸ¿ğŸ‘ŒğŸ¿ğŸ‘ŒğŸ¿ğŸ‘ŒğŸ¿ğŸ‘ŒğŸ¿ğŸ‘ŒğŸ¿ğŸ‘ŒğŸ¿ğŸ‘ŒğŸ¿ğŸ‘ŒğŸ¿ğŸ‘ŒğŸ¿ğŸ‘ŒğŸ¿,2022-10-12T21:40:02Z,0
270,@garciasoto,Bro wtf,2022-10-12T16:41:37Z,0
271,@utkarshneha6116,ğŸ‘ŒğŸ‘Œ,2022-10-12T09:43:14Z,1
272,@adrianpupecki2618,ğŸ˜† XD,2022-10-12T06:12:04Z,0
273,@mdrifadali8986,à¦–à§à¦¬ à¦­à¦¾à¦²à§‹,2022-10-11T09:48:14Z,0
274,@therealwhitty9200,This doesnâ€™t look IRL,2022-10-11T02:03:38Z,0
275,@aaronalex377,It looks like Iâ€™m watching spy kids,2022-10-10T19:59:44Z,0
276,@Ğ¢Ğ°Ñ‚ÑŒÑĞ½Ğ°ĞĞµĞºÑ€Ğ°ÑĞ¾Ğ²Ğ°-Ñ‹9Ñ‰,ĞĞ±Ğ¾Ğ¶Ğµ Ñ‡Ñ‚Ğ¾ Ğ²Ñ‹ ÑĞ½Ğ¸Ğ¼Ğ°ĞµÑ‚Ğµ,2022-10-10T14:14:21Z,0
277,@Indayloring,Only in ohio,2022-10-10T11:59:42Z,0
278,@pureluv004,ë’¤ì—ì˜¤ëŠ”ì‘ê¸‰ì°¨ì–´ë–¡í•´!!,2022-10-10T11:23:10Z,1
279,@senpai_YU_A,è‚å¿ƒãªæ™‚ã«ä¸‹ãŒã£ã¦ãªãã¦è‰,2022-10-10T10:47:53Z,5
280,@blackpinkblink0642,Seriously ğŸ˜’ğŸ˜’ğŸ˜’ğŸ˜’ lllllllolllllll hunnhhhh ????? I dont want it,2022-10-10T10:08:03Z,0
281,@Pragamedievalderoma,Cyberpunk 758596 in a nutshell:,2022-10-10T08:17:25Z,0
282,@Russkiychel1488,"Ğ Ğ±Ğ¾Ğ¶Ğµ, ĞºĞ°ĞºĞ°Ñ Ñ„Ğ¸Ğ·Ğ¸ĞºĞ°, ĞºĞ°ĞºĞ°Ñ Ğ±Ğ¾Ğ¶ĞµÑÑ‚Ğ²ĞµĞ½Ğ½Ğ°Ñ Ğ³Ñ€Ğ°Ñ„Ğ¸ĞºĞ°! Ğ¢Ğ°Ğº ÑÑ€Ğ°Ğ·Ñƒ Ğ¸ Ğ½Ğµ Ğ¿Ğ¾Ğ¹Ğ¼Ñ‘ÑˆÑŒ, Ñ‡Ñ‚Ğ¾ ÑÑ‚Ğ¾ Ñ€ĞµĞ°Ğ»ÑŒĞ½Ğ¾ÑÑ‚ÑŒ!!!",2022-10-09T18:13:52Z,7
283,@Murkoff672,"Yes, sure ğŸ˜„ğŸ˜„ğŸ˜„ğŸ˜„ğŸ˜„ğŸ˜„",2022-10-09T17:50:41Z,2
284,@ionelnegru9591,"Arestare 10,000$",2022-10-09T17:31:50Z,0
285,@nimang5959,How would the car balance or does it have jets on it,2022-10-09T16:30:20Z,1
286,@Ğ”Ğ°ÑˆĞ°ÑĞºĞ¾Ñ€Ğ³Ğ¸,Ğ¡Ğ¼ĞµÑˆĞ½Ğ¾ğŸ˜‚ğŸ˜‚ğŸ˜‚,2022-10-09T16:20:13Z,0
287,@Widdo_Gaming,What the fuâ€¦,2022-10-09T15:26:06Z,0
288,@manajmohanta1010,Yyt,2022-10-09T13:21:54Z,0
289,@duck3192,Patient be like: am I a joke to you?,2022-10-09T13:03:27Z,30
290,@ĞĞ»Ğ¼Ğ°Ğ·Ğ’Ğ°Ğ³Ğ°Ğ¿Ğ¾Ğ²-Ğ¼5Ñ,Ğ—Ğ° Ñ‡Ñ‚Ğ¾ Ğ»Ğ°Ğ¹Ğº Ğ¼Ğ¾Ğ¶Ğ½Ğ¾ ÑÑ‚Ğ°Ğ²Ğ¸Ñ‚ÑŒ Ğ´Ğ¸Ğ±Ğ¸Ğ»Ñ‹,2022-10-09T12:03:06Z,0
291,@salmaabdulraheem3668,Aw my gawd,2022-10-09T10:21:01Z,0
292,@meeras3141,COOL,2022-10-09T10:14:43Z,0
293,@taeningucciterligi124,Abulans ama,2022-10-09T07:42:45Z,0
294,@hudan2485,didinya gelo,2022-10-09T07:31:37Z,0
295,@vlogwithmirza,Bakwas,2022-10-09T04:04:28Z,0
296,@dougright8162,ğŸ˜šğŸ˜™ğŸ¤—ğŸ˜ğŸ’ğŸ†ğŸ†ğŸ†ğŸ†ğŸ’ğŸ’ğŸ’ğŸ’ğŸ’ğŸ’ğŸ’ğŸ†ğŸ¥”ğŸ§…ğŸ‘ğŸ¥’ğŸŒ®ğŸ°ğŸŒ¡ğŸ›,2022-10-09T01:15:18Z,0
297,@tkj.4013,ã¾ã€œãã®ã£www,2022-10-08T20:04:36Z,3
298,@Degdeg30,"uma fucking ambulÃ¢ncia e eles fazem isso,q merda Ã© essa bro",2022-10-08T19:54:15Z,0
299,@FunnyFish123,youtube kids at 3 am:,2022-10-08T18:39:00Z,1
300,@duck_playz3716,What kind of deisinf,2022-10-08T17:04:52Z,0
301,@Ø§Ù…Ø§Ø­Ù…Ø¯-Ø®2Ø¯8Ø¶,Ø¹Ø§ÙŠØ²Ù‡ Ø¬ÙˆØ§Ø¦Ø²,2022-10-08T13:20:24Z,0
302,@Thaticeskater,It has no point,2022-10-08T12:43:32Z,0
303,@Panda_Koala1234,fake,2022-10-08T08:52:03Z,0
304,@kanchanverma4728,Fdvdthtgtg try y,2022-10-08T05:54:06Z,0
305,@StarBoy-rd7wk,Camaro trik,2022-10-08T03:26:31Z,0
306,@thaispereira4618,Enteresante,2022-10-08T03:10:38Z,2
307,@regiane8482,OXIğŸ¤¨,2022-10-08T00:05:46Z,0
308,@aleflores8269,ğŸ˜ğŸ˜ğŸ˜ğŸ˜,2022-10-07T21:59:44Z,0
309,@sdfvmbshdbgsdbv,Cancer to the eyes,2022-10-07T19:58:38Z,2
310,@English-Goalkeeper,How was people supposed to go hospital,2022-10-07T18:30:38Z,0
311,@ned1365,Top 5 minutes craft be like:,2022-10-07T16:49:35Z,1
312,@Smarrttt,What about inside of the car ğŸš— (passangers/driver)  ğŸ¤£ğŸ¤£ğŸ¤£,2022-10-06T20:41:34Z,0
313,@LSJasonVKTV,Wow someone died because of this technology,2022-10-06T20:27:46Z,0
314,@BroKingOfficial,"â€˜Dreams have meaningsâ€™
My dreams:",2022-10-06T20:05:31Z,51
315,@rylen2748,bro can't tell what's 2D and what's 3D,2022-10-06T18:38:41Z,3
316,@rajesham2233,ğŸ¤£ğŸ˜‚ğŸ¤£ğŸ˜‚ğŸ˜‚ğŸ˜‚ğŸ˜‚,2022-10-06T09:52:31Z,0
317,@PhuongTran-om3es,Me getting sent to the hospital driver sees this,2022-10-06T03:05:25Z,5
318,@ship001,Cringe,2022-10-06T01:42:27Z,0
319,@jonipraja1937,Keren sekali,2022-10-05T21:58:39Z,0
320,@RMASOUDIART,Wow ğŸ˜®,2022-10-05T17:33:23Z,2
321,@riturajsingh5742,**dies of cringe**,2022-10-05T13:23:36Z,0
322,@leanglong7291,OMG THATS HORRIBLE WHOS THIS PRESIDENT OF USA? PUTIN OR KING JON UN,2022-10-05T11:54:39Z,0
323,@VELOCITY_EDITZ10516,"me sleeping
my dreams be like :",2022-10-05T08:23:53Z,33
324,@Dryjcfijmfexj,Ğ”Ğ°ÑƒĞ½ÑĞºĞ¸Ğ¹ Ñ„Ğ¾Ñ‚Ğ¾ÑˆĞ¾Ğ¿ !,2022-10-05T06:52:56Z,0
325,@cuocsongniemvuimoiusa1003,WowğŸ‘ğŸ‘,2022-10-05T01:47:03Z,3
326,@ianvak1,wtf is this for,2022-10-04T20:30:53Z,0
327,@Manan-shorts,https://youtube.com/shorts/qY94szQ3uLc?feature=share,2022-10-04T18:14:59Z,0
328,@pintugajjar4365,NOOB,2022-10-04T15:32:01Z,0
329,@baderfahad3970,ÙÙ¤,2022-10-04T11:35:21Z,0
330,@ë°”ëŒë¶€ëŠ”ë°ë¡œ-g7l,ë›°ëŠ”ë†ˆ ìœ„ì— ë‚˜ëŠ”ë†ˆ,2022-10-04T09:03:34Z,0
331,@LeisAbdulbur,For what,2022-10-04T07:21:27Z,0
332,@mdzimamislammdzimamislam6626,ğŸ¥°ğŸ¥°,2022-10-04T06:44:08Z,2
333,@trustyy7135,I like how the real car drives,2022-10-04T05:57:37Z,0
334,@jaylan7425,The man once said defying gravity is hella are easy anything is possible with terrible graphics,2022-10-04T00:10:54Z,3
335,@Leletube795,PaRAAAAAAAAAAAAAAAA,2022-10-03T23:24:20Z,1
336,@yashvardhansinghsolanki6391,How high do you have to be to even think if thisğŸ˜‚,2022-10-03T16:22:19Z,3
337,@medallaconcinavergara5892,Fuuuu,2022-10-03T12:12:50Z,0
338,@ahmadtahir536,Kar,2022-10-03T12:06:54Z,0
339,@bloxfruit_userhelpme,bro nah what the hell is this?.,2022-10-03T10:13:16Z,4
340,@nhanhnguyen3514,Máº¹ Con Káº¹t xe con thÆ°Æ¡ng mÃ  khÃ´ng cho qua,2022-10-03T09:56:50Z,0
341,@ranjithvast1763,Future idiots technology ğŸ¤£,2022-10-03T05:47:56Z,0
342,@ã‚¨ãƒŸãƒªãƒ¤,æ•‘æ€¥è»Šä¾‹ãˆç¸¦å‘ãã«ã§ãã¦ã‚‚çµ¶å¯¾ç„¡ç†www,2022-10-02T22:15:31Z,3
343,@Sadvideo-lm6un,https://youtube.com/shorts/cCfg65-uBUI?feature=shareâ¤ï¸,2022-10-02T15:12:52Z,0
344,@BigRandyPlayzz,I donâ€™t think cars work like thatâ€¦,2022-10-02T14:00:19Z,7
345,@Ğ¢Ğ²Ğ¾Ğ¹Ğ¿Ğ¾Ğ´Ğ¿Ğ¸ÑÑ‡Ğ¸Ğº-Ğ¹4Ñ†,ğŸ˜‘ğŸ¤®ğŸ‘,2022-10-02T09:30:35Z,0
346,@ksawiertrojanowski9841,Fake fake,2022-10-02T06:44:10Z,0
347,@natanbarroso3940,Wtf?,2022-10-02T06:27:04Z,0
348,@kingofkoli3061,Part 2:https://youtu.be/Mcacu_Cc81w,2022-10-02T04:07:56Z,7
349,@Strawberrymochi85,Too bad ğŸ‘ ğŸ˜ª  the ambulance ğŸš‘ can't wait,2022-10-01T13:00:08Z,0
350,@Nathan.maitreyagmail,Title: 2d animation the video: 3d,2022-10-01T10:14:01Z,7
351,@puterahepy,ğŸ’¯ğŸ’¯ğŸ’¯ğŸ’¯ğŸ’¯ğŸ’¯ğŸ’¯ğŸ’¯ğŸ’¯ğŸ’¯ğŸ’¯ğŸ’¯ğŸ’¯ğŸ’¯ğŸ’¯ğŸ’¯ğŸ’¯ğŸ’¯ğŸ¤”ğŸ¤”ğŸ¤”ğŸ¤”ğŸ¤”ğŸ¤”ğŸ¤”ğŸ¤”ğŸ¤”ğŸ¤”ğŸ¤”ğŸ¤”ğŸ¤”ğŸ¤”ğŸ¤”ğŸ¤”ğŸ¤”ğŸ¤”,2022-10-01T05:23:13Z,0
352,@sabin7368,Help click subscribe,2022-10-01T02:12:54Z,1
353,@æå©·-l8k,Ughhcih Hghghgg Ggggfgrryytytyy,2022-10-01T01:25:47Z,0
354,@AnimatoGh,the ambulance: oh shi-,2022-09-30T23:56:53Z,15
355,@daltonlloyd755,That was the worst cgi ever,2022-09-30T23:40:19Z,0
356,@tamaracillan4856,FAKE,2022-09-30T10:23:20Z,0
357,@Gj-8422,Whatâ€™s the point in this crap?,2022-09-30T08:45:42Z,0
358,@ndeepak8325,Iddhstatshyfytge,2022-09-29T13:40:22Z,0
359,@ndeepak8325,Agtdsagekibudalla,2022-09-29T13:40:16Z,0
360,@ndeepak8325,Swakidsugeshysgesfirthiya,2022-09-29T13:40:03Z,0
361,@ndeepak8325,Baradapura,2022-09-29T13:39:49Z,0
362,@ndeepak8325,Vatara,2022-09-29T13:39:41Z,0
363,@ndeepak8325,Metru bsdfidu,2022-09-29T13:39:25Z,0
364,@ndeepak8325,Cobfutdtybcfervidgtsylekjadyfbsthmethdehtdsfydu,2022-09-29T13:39:18Z,0
365,@AliAli-yi9ob,"Ø¤
Ø° /6Ø´",2022-09-29T01:52:08Z,0
366,@sc4rredb0n3zzz,"""2D animation""
Understandable, have a nice day.",2022-09-28T17:50:50Z,0
367,@monakermy6699,What's with the first ğŸš—,2022-09-27T18:56:17Z,2
368,@somenoob1021,logic doesnâ€™t exist anymore *HOW DOES THE FIRST CAR BALANCE LIKE THAT*,2022-09-27T16:33:40Z,18
369,@shilpaarora952,&j j indic,2022-09-27T07:32:13Z,0
370,@isleptwithurmom,"this is not a 2d animation, also wth is this?",2022-09-26T20:16:22Z,1
371,@saints_row_cat,Why not let ambulance person in it go die,2022-09-26T16:56:28Z,0
372,@ananthreddy6649,Very bad ğŸ˜ ğŸ˜¡ğŸ¥µğŸ˜±ğŸ˜µğŸ˜²ğŸ¥¶ğŸ˜ğŸ˜±ğŸ˜¨,2022-09-26T14:29:21Z,0
373,@aaronjess1251,Why,2022-09-25T20:18:30Z,0
374,@nagarajpatelthota8692,Avdra bye nv,2022-09-25T08:29:51Z,3
375,@hunglam5139,https://youtu.be/JTKJmsKQ-cs,2022-09-25T02:50:45Z,0
376,@MuhammadHasan-kf9ld,Hassan,2022-09-24T20:45:11Z,0
377,@sarahissa8205,Fakaaaaaa,2022-09-24T17:06:30Z,2
378,@sudnesstirste3978,fake,2022-09-24T14:04:47Z,0
379,@harchandsingh7001,ià¤¸9à¤ª7à¤²à¥œSEE1qlq,2022-09-24T02:37:58Z,0
380,@Ğ¼Ğ°Ñ‚Ñ667,ğŸ¤£ğŸ˜‚ğŸ˜†ğŸ‘,2022-09-24T00:37:01Z,0
381,@esthefanyoliveira5736,0,2022-09-23T18:50:28Z,0
382,@adelfasalvador3215,Lidia Elodia,2022-09-23T16:38:21Z,0
383,@electrocosmik3505,EL FUTURO NO LO VAMOS A PERMITIR QUE SEA TAN MIERDA MUERTE A ESTADOS UNIDOS ğŸ‡¦ğŸ‡·ğŸ’€âœŒï¸,2022-09-23T13:23:52Z,1
384,@Ø³Ù†ÙˆØ§ØªØ§Ù„Ø¶ÙŠØ§Ø¹-Ù†6Ù…,Ø¨Ø³ ÙƒÙŠÙ Ø³ÙˆÙ‰ Ù‡Ø§Ø¯Ø§Ù„Ø´ÙŠ,2022-09-23T08:09:17Z,0
385,@Ù†ÙˆØ±Ù‡-Ùƒ5Ø­,ØŒğŸ‡®ğŸ‡·ğŸ˜­ğŸ˜ğŸ¤©,2022-09-22T18:25:18Z,0
386,@BSOD11,Hacking for you.          I'm Hacker,2022-09-22T13:48:06Z,0
387,@herryxx9549,Stupid,2022-09-22T04:13:26Z,0
388,@ZimaBlue420,what the hell am i doing with my life,2022-09-21T22:13:11Z,3
389,@MandeepSingh-uj1tb,Fuddu video,2022-09-21T14:48:46Z,0
390,@BFP.01,"This animation is the mostly lot viewer, hope mine more beyond this",2022-09-21T10:35:52Z,0
391,@f1rj,Contra ğŸ¤£ğŸ¤£,2022-09-20T14:21:58Z,0
392,@baljeetkaur9904,Chinta mat kro sabko gali dena ka moka milega ğŸ™‚,2022-09-20T06:48:25Z,1
393,@RLVTECHUSA,Stupid,2022-09-20T02:46:25Z,0
394,@hiroyou0031,OOOOOOOOOOOOOOOOOOOOOOOOOOOOOOOOOOOOOOOOOOOOOOOOOOOOOOOOOOOOOOOOOOOOOOOOOOOOOOOOOOOOOOOOOOOOOOOOOOOO,2022-09-19T21:28:26Z,0
395,@ranahayata4212,Xxx,2022-09-19T13:00:08Z,0
396,@Mano-vk4nc,Aaisa kuch hota hi n hai,2022-09-19T11:34:02Z,0
397,@rizqishofie4794,Tolol,2022-09-19T10:54:59Z,0
398,@lilumiya5510,nice,2022-09-19T10:32:10Z,0
399,@zsoltkatonka1528,Drogos buzi,2022-09-19T09:23:05Z,0
400,@seforapecican6865,ğŸ˜˜ğŸ˜­ğŸ˜ğŸ¥°,2022-09-19T04:24:25Z,1
401,@javiermedel7447,"Nbchurufufujfyfhfhfyryfyryryryrururue no es rururueuru
Jcgghxdy",2022-09-18T19:54:42Z,0
402,@minhgameplay2507,Where are you hiding those drugs at,2022-09-18T14:11:21Z,0
403,@Bimla7870,Etana  spage to hoga ko wahical nikal jaya ager person in side to bhi  aisa nikali agyğŸ‘ğŸ‘ğŸ‘ğŸ‘ğŸ‘ğŸ‘,2022-09-18T12:46:57Z,0
404,@sumitprasa6202,Par ye joote kyu lagwane padenge future me ğŸ¥’ğŸ˜‚ğŸ˜‚,2022-09-18T12:06:35Z,1
405,@Mayur_Bharwad,ambulance be like : what do i do now ğŸ˜ğŸ˜‚,2022-09-18T11:51:29Z,1
406,@RaMu363,Ù…Ù† Ø±Ø¹Ø¨Ù‡ ÙŠÙ…Ø´ÙˆÙ† Ø¹Ø·Ø±ÙğŸ˜‚,2022-09-18T09:18:12Z,0
407,@miss.joycelicious4828,Judiciary hguğŸš˜,2022-09-18T05:44:23Z,0
408,@johnpaulalcana6707,WowğŸ˜…ğŸ˜…ğŸ˜…,2022-09-18T04:22:25Z,0
409,@karan9119,Ambulance ğŸ¤£ğŸ¤£,2022-09-17T15:26:58Z,6
410,@justhuman3886,ğŸ˜‚ğŸ˜‚,2022-09-17T13:15:51Z,0
411,@kibersportsmen-n9o,???,2022-09-17T09:54:43Z,0
412,@navenduacharya1885,Get better vfx,2022-09-17T09:02:26Z,0
413,@Movich_RUS,Ğ”Ğ° Ğ¿Ğ¾ÑˆĞ»Ğ° Ğ½Ğ°Ñ…ÑƒĞ¹ Ñ„Ğ¸Ğ·Ğ¸ĞºĞ° 8-Ğ¼Ğ¾Ğ³Ğ¾ Ğ¸ 9-Ñ‚Ğ¾Ğ³Ğ¾ ĞºĞ»Ğ°ÑÑĞ°!,2022-09-17T08:55:10Z,0
414,@nappuccino9256,What's the point of that thing?,2022-09-17T07:50:52Z,1
415,@a.khalequekhaleque1402,ğŸ¤¯,2022-09-17T05:38:38Z,0
416,@gto7318,it's already real the government is just hiding this revolutionary technology from us,2022-09-17T04:31:26Z,1
417,@eng393,This not future technology this is future curse,2022-09-17T00:05:02Z,0
418,@quihvanie,ğŸ˜¡ğŸ˜¡ğŸ˜¡ğŸ˜¡ğŸ˜¡,2022-09-16T23:39:42Z,0
419,@sinandincer8609,MantÄ±klÄ± fikir,2022-09-16T21:19:17Z,0
420,@hamzatahir3186,My phobia is time,2022-09-16T14:12:52Z,2
421,@kuroto9705,ä¸€æ™‚åœæ­¢ç„¡è¦–ã—ãŸã‚„ã¤å…¨éƒ¨ã“ã‚Œã§ã„ã„ã˜ã‚ƒã‚“,2022-09-16T13:38:37Z,0
422,@BetterMensproject,whats the benifit of having this shit.,2022-09-16T11:57:17Z,0
423,@rubinail,"Jai BJP... 
BJP unte it's possible... 
Jai Modiji...",2022-09-16T08:03:35Z,0
424,@mdkhalid5300,https://youtube.com/shorts/eUtxF8vWI3g?feature=share follower share kar dijiyega bhai sahab follow share kar dijiye ğŸ™ğŸ™ğŸ™ğŸ™ğŸ™,2022-09-16T07:28:38Z,0
425,@Maximus_Naughtius,"I'm from 2069, and I can confirm that this is true.",2022-09-16T06:32:51Z,10
426,@caulong68,https://youtube.com/channel/UCcD4WeogXDrs7GHXTyr8hZw,2022-09-16T03:49:58Z,0
427,@elman2877,hi,2022-09-16T03:21:48Z,0
428,@srihschannel789,Amazing... Hebat... Luar biasa,2022-09-16T02:42:28Z,0
429,@Editor_aakash_,"https://youtu.be/G9dy8S2wANM
https://youtu.be/qlu1pPdGrZs",2022-09-16T00:00:57Z,0
430,@chica_romantica9517,ğŸ˜‚ğŸ˜‚ğŸ¤£,2022-09-15T21:56:03Z,1
431,@JohnDoe-yn7cz,"ANDREW TATE HITS HIS MOM
https://youtu.be/bpmKWMYlXxM",2022-09-15T20:37:12Z,0
432,@thatyoutuber,Why is that even made for,2022-09-15T15:44:58Z,0
433,@thinguyenuc6077,VÃ´ dung,2022-09-15T10:57:37Z,0
434,@My_summer_car_1k,https://youtu.be/5vszlSFpK-Q18+ğŸ”,2022-09-15T09:34:14Z,0
435,@franciscoAlves-jb1bl,m.,2022-09-15T08:41:04Z,0
436,@pankaj_gupta9621,https://youtube.com/shorts/wjORKZILMKA?feature=share,2022-09-15T00:40:21Z,0
437,@aoomaooe,what the hell..,2022-09-14T21:53:22Z,0
438,@janamahmuod1692,Ù¤,2022-09-14T21:41:30Z,0
439,@bloodysadist,I would kill myself rather than live in this future,2022-09-14T13:23:43Z,0
440,@shouryaagarwal3857,"ğŸ‘     ğŸ‘
     ğŸ‘„",2022-09-14T08:36:23Z,1
441,@oskan_mystery6697,but no fr in what world would there be 5 feet stomping the ground on the highway?,2022-09-13T18:01:00Z,4
442,@jessysun6730,ğŸ˜ˆğŸ˜ˆğŸ˜ˆğŸ˜ˆğŸ˜ˆğŸ˜ˆğŸ˜ˆ,2022-09-13T05:58:51Z,0
443,@hugobudiman805,Hope the person he/she will get better Amenâœï¸âœï¸âœï¸ğŸ™ğŸ™ğŸ™ğŸğŸ·ğŸğŸ·ğŸğŸ·ğŸ¥ºğŸ¥ºğŸ¥ºğŸ˜­ğŸ˜­ğŸ˜­â¤â¤â¤ğŸ’–ğŸ’–ğŸ’–ğŸ˜‡ğŸ˜‡ğŸ˜‡,2022-09-13T04:41:28Z,0
444,@Soul_Vin,Legend's waiting to see the ambulance to do same thing ğŸ˜‚ğŸ˜‚,2022-09-12T12:40:05Z,171
445,@MdSakil-ts5ki,Sasta vpx,2022-09-12T08:03:46Z,0
446,@trollneubat,nice editâ¤ good,2022-09-12T06:15:30Z,1
447,@mirnazeineh3917,Oh yes flip everywhere in the car,2022-09-12T04:28:23Z,1
448,@prank_short_3,"Part 2 ğŸ‘‡ğŸ¾
https://youtu.be/XO9jjCAR8uk",2022-09-12T02:47:51Z,1
449,@kangabanbaechannel5884,ğŸ‘ğŸ˜ğŸ‘,2022-09-12T01:00:12Z,1
450,@_-tropical-_,What in the actual flying FUUUUUUU-,2022-09-12T00:46:59Z,2
451,@SQUIRREL-i4f,No sabÃ­a pero CLARO QUE NO EWWWWWWW,2022-09-11T20:34:30Z,0
452,@asialynnlandry16,OK how did the car flip how did the car flip,2022-09-11T18:33:28Z,0
453,@Ä°lkerdirik-t3n,"Cringe button
ğŸ‘‡ğŸ»",2022-09-11T11:20:46Z,64
454,@lakynratzlaff,huh ğŸ˜ƒ,2022-09-11T04:13:26Z,0
455,@arwazgaming1109,"Part2 
https://youtube.com/shorts/uM4Ifg-P0Tg?feature=share   jaldi dekhlo",2022-09-11T00:45:46Z,0
456,@dejjdjdjsk2665,Fysik,2022-09-10T14:48:04Z,1
457,@nunikariyantv,https://youtube.com/shorts/OIWRTO9yQdI?feature=share,2022-09-10T12:14:27Z,0
458,@Incomu4895,The ambulance:RRRREEEEEEE,2022-09-10T09:38:08Z,3
459,@Zexworlen,Ayo what the Fuuuuuuccc,2022-09-10T07:58:02Z,1
460,@ZenithEra-2212,excuse me what-the *FUUUUUUUUUUU*,2022-09-10T05:09:01Z,36
461,@bocilsd891,Annyeonghaseyo asam Ira,2022-09-10T03:34:32Z,0
462,@lindonjaureguimonzon2634,https://www.youtube.com/watch?v=267lhSG4qOQ&pp=wgIGCgQQAhgB suscribete por favor plis,2022-09-10T01:54:55Z,0
463,@Michael-fx3ko,But why does this have a million likes?,2022-09-09T12:50:22Z,0
464,@user-27e9ejw3q,cgí‹° ë§ì´ ë‚˜ë„¤...,2022-09-09T12:12:48Z,5
465,@ÙƒÙŠØ§Ù†Ø­Ø³Ù†-Ù‚4Ø±,ğŸ¤®ğŸ¤®ğŸ¤®ğŸ¤®ğŸ¤¢ğŸ¤¢ğŸ¤¢ğŸ¤¢ğŸ¤¢ğŸ¤¢,2022-09-08T20:57:20Z,0
466,@phoolkumar2911,Very nice video,2022-09-08T15:51:43Z,1
467,@padambist7991,Xxxxxxx,2022-09-08T13:59:13Z,0
468,@padambist7991,Atoz,2022-09-08T13:59:07Z,0
469,@ikwanirul3197,Halo,2022-09-08T09:47:23Z,0
470,@VivekKumar-tw1ib,P,2022-09-08T04:21:55Z,0
471,@johannhorn1989,lol,2022-09-07T14:14:26Z,1
472,@davidsalcedoalcoverro720,Q vÃ­deo mÃ¡s estÃºpido,2022-09-06T22:43:13Z,0
473,@ì€í¬ì•ˆ-v2m,ì €ê±´ ë­í•˜ëŠ” ê¸°ê³„ì•¼,2022-09-06T08:51:51Z,6
474,@dj_comments4278,This is not the future semi could die in the ambience van,2022-09-06T01:23:40Z,1
475,@aureliolopez1699,Y para que sirve ese invento saludos.,2022-09-05T21:11:58Z,0
476,@ÙŠ.Ù‡ÙˆØª-Ø³7Ù,ğŸ˜‚ğŸ˜‚,2022-09-05T13:19:24Z,8
477,@TheRealUtkarsh,It's 3d,2022-09-05T10:52:04Z,0
478,@mekapraveen9808,Mind less technology,2022-09-05T09:39:58Z,0
479,@elingustafsson7653,ğŸ˜…ğŸ˜…,2022-09-05T04:55:19Z,1
480,@Contentcreate578,â¤ï¸Har har Mahadev Jai shree Ganeshâ¤ï¸,2022-09-05T03:20:44Z,12
481,@JAMESJAMES-ti8mr,Simbq,2022-09-04T18:20:42Z,0
482,@jerosamartin9190,Did you do,2022-09-04T03:07:16Z,0
483,@ĞÑ€Ñ‚ĞµĞ¼Ğ¨Ğ¼Ğ°ĞºĞ¾Ğ²-Ñ2ÑŠ,ğŸ˜‚ğŸ˜‚ğŸ˜‚ğŸ˜‚ğŸ˜‚,2022-09-03T19:20:13Z,0
484,@AGdragongaming,"Gravity kaha gyi,ğŸ¤£ğŸ¤£",2022-09-03T16:04:51Z,12
485,@endadulhumania5001,Good,2022-09-03T13:41:37Z,0
486,@GenAlpha-2,https://youtu.be/YzjQha5nbXY,2022-09-02T06:20:00Z,0
487,@lakyiraturnage7489,Lol ğŸ’€,2022-09-02T03:34:51Z,2
488,@eneagastone519,Ma che cazzodici,2022-09-01T00:51:21Z,0
489,@ê¹¡í†µ-c3n,ê°œ ã…¡ë¯¸ì¹œê²ƒë“¤á†¢ìœ¼ ì•…,2022-08-31T20:11:43Z,0
490,@lihu1420,å¥½ç”¨å°±æ˜¯æœ‰ç—…äºº,2022-08-31T19:29:01Z,3
491,@karachiqueen6230,https://youtube.com/channel/UCNUJTfL4KqBc2GMIud7yJsg,2022-08-31T18:12:58Z,0
492,@julieteursulino3498,Ricardo tÃ¡ passando Branco aÃ­ Ã© meu que vocÃªs pisar em cima dele vocÃª nÃ£o comprou,2022-08-31T17:58:01Z,0
493,@metlebemirov8313,Meseleme,2022-08-31T16:55:58Z,0
494,@Gabr290,Is fake fhotoshop,2022-08-31T11:39:23Z,0
495,@kailashdalakoti4348,https://youtube.com/shorts/4ehoaL6azFg,2022-08-31T10:05:37Z,0
496,@daljitsingh404,à¨‚à¨‚à©Œ,2022-08-31T07:35:42Z,0
497,@starsid8318,à¤¯à¥‡ à¤•à¥ˆà¤¸à¥‡ à¤•à¤¿à¤¯à¤¾ |ğŸ™„ğŸ™„ğŸ™„,2022-08-31T06:30:58Z,0
498,@splatattack0375,The ambulance: ğŸ‘ğŸ‘„ğŸ‘,2022-08-30T16:28:51Z,11
499,@keerti6706,Bad idea â˜¹ğŸ‘ğŸ‘ğŸ‘ğŸ‘ğŸ‘ğŸ‘ğŸ‘ğŸ‘ğŸ‘ğŸ‘ğŸ‘ğŸ‘ğŸ‘ğŸ‘,2022-08-30T13:53:42Z,1
500,@Mclub.,Made in china ğŸ¤£,2022-08-30T12:18:29Z,0
501,@knightstar7264,Bigger shooeee.bada jootaağŸ˜‚ğŸ¤£,2022-08-30T10:06:56Z,0
502,@knightstar7264,Saath wala faydaa utha gya iski aaaddd meinğŸ˜‚ğŸ˜‚ğŸ˜‚ğŸ˜‚ğŸ˜‚ğŸ˜‚ğŸ˜‚ğŸ˜‚ğŸ˜‚ğŸ˜‚ğŸ˜‚ğŸ˜‚ğŸ˜‚ğŸ˜‚ğŸ˜‚ğŸ˜‚ğŸ˜‚ğŸ˜‚ğŸ˜‚ğŸ˜‚ğŸ˜‚ğŸ˜‚ğŸ˜‚ğŸ˜‚ğŸ˜‚ğŸ˜‚ğŸ˜‚ğŸ˜‚ğŸ˜‚ğŸ˜‚ğŸ˜‚ğŸ˜‚ğŸ˜‚ğŸ˜‚ğŸ˜‚ğŸ˜‚ğŸ˜‚ğŸ˜‚ğŸ˜‚ğŸ˜‚ğŸ˜‚ğŸ˜‚ğŸ˜‚ğŸ˜‚ğŸ˜‚ğŸ˜‚ğŸ˜‚ğŸ˜‚ğŸ˜‚ğŸ˜‚ğŸ˜‚ğŸ˜‚ğŸ˜‚ğŸ˜‚ğŸ˜‚ğŸ˜‚ğŸ˜‚ğŸ˜‚ğŸ˜‚ğŸ˜‚ğŸ˜‚ğŸ˜‚ğŸ˜‚ğŸ˜‚ğŸ˜‚ğŸ˜‚ğŸ˜‚ğŸ˜‚ğŸ˜‚ğŸ˜‚ğŸ˜‚ğŸ˜‚ğŸ˜‚ğŸ˜‚ğŸ˜‚ğŸ˜‚ğŸ˜‚ğŸ˜‚ğŸ˜‚ğŸ˜‚ğŸ˜‚ğŸ˜‚ğŸ˜‚ğŸ˜‚ğŸ˜‚ğŸ˜‚ğŸ˜‚ğŸ˜‚ğŸ˜‚ğŸ˜‚ğŸ˜‚ğŸ˜‚ğŸ˜‚ğŸ˜‚ğŸ˜‚ğŸ˜‚,2022-08-30T10:05:53Z,1
503,@Jonathan-pn3tr,This is video clip from a parallel universe.,2022-08-30T02:07:00Z,0
504,@ì˜ˆì‹ í‹°ë¹„,ã…‹ã…‹,2022-08-30T01:38:08Z,0
505,@satutampu764,Nice,2022-08-30T01:29:58Z,2
506,@rodrigomelo6027,KÄ·uu,2022-08-29T18:28:55Z,0
507,@kr1491,Bruh wtf ğŸ˜­,2022-08-29T13:52:12Z,2
508,@trucnhan8521,=)))))))),2022-08-28T15:59:03Z,1
509,@Daon_11.0,ğŸ‘ğŸ»ğŸ‘ğŸ»ğŸ‘ğŸ»ğŸ‘ğŸ»ğŸ‘ğŸ»,2022-08-28T03:43:07Z,0
510,@khirulamin2618,Nice,2022-08-27T15:23:13Z,0
511,@shakild8231,Full video link https://youtu.be/Xa9xs52eOGI,2022-08-27T15:04:28Z,0
512,@faseelaraouf9500,IS THAT SHOES?,2022-08-27T14:14:37Z,0
513,@gilbertocardozo3205,Mentiroso seus vagabundos,2022-08-27T12:27:47Z,0
514,@tomasdunajcik3040,ğŸ¤¦â€â™‚ï¸ğŸ¤¦â€â™‚ï¸ğŸ¤¦â€â™‚ï¸,2022-08-27T05:57:21Z,0
515,@æå¿—æ°¸-r3m,é€ å‡å½±ç‰‡ï¼Ÿï¼Ÿï¼Ÿ,2022-08-27T02:53:40Z,0
516,@minhgameplay2507,what the fâ€¦,2022-08-27T02:42:33Z,2
517,@tymonkozio309,:OOOOOOOOOOOOOOOO,2022-08-26T23:10:50Z,0
518,@sanko3912,Hah bmw m power,2022-08-26T20:14:30Z,0
519,@ê¹€ì˜ì¼-b9z,Disgusting chinese idea.,2022-08-26T15:53:52Z,0
520,@Conneticutsianite_1,Why tho?,2022-08-26T14:33:27Z,0
521,@fikretkosan4947,Yok artik bukadarda olmaz,2022-08-26T09:42:47Z,1
522,@Kidchannel666,Fake dil like me,2022-08-25T14:02:43Z,0
523,@sandrapersaud7977,So fake,2022-08-25T01:21:45Z,1
524,@sahasrathoughts6071,https://youtube.com/shorts/yqdYx_fObbM?feature=share,2022-08-24T17:08:36Z,0
525,@carlwessbo6658,Tell me how this is 2d,2022-08-24T16:53:18Z,0
526,@rakibhasan-ci6vb,ğŸ¤ªğŸ˜ƒğŸ™„,2022-08-24T14:15:10Z,0
527,@kathleenturney4240,"Go car car, go!!",2022-08-23T14:25:36Z,2
528,@numankhan-zt1jx,https://youtu.be/Rg0osRo6gv4,2022-08-22T14:34:30Z,0
529,@antnioaeuclides7991,ASDAaFaGAHJKLPOIUYRWQâ£ï¸ğŸ®ğŸ¦“ğŸ¦“ğŸ™ŒğŸ™ŒğŸ™ŒğŸ™ŒğŸ™ŒğŸ™ŒğŸ™ŒğŸ™ŒğŸ™ŒğŸ™Œ,2022-08-21T16:17:23Z,0
530,@heriyadiheriyadi1936,The  first  time ğŸ˜²,2022-08-21T12:57:59Z,0
531,@funnyanimals2306,Ã” tÃ´ kiá»u gÃ¬ váº­yğŸ¤£ğŸ¤£ğŸ¤£,2022-08-21T01:34:59Z,0
532,@teclanafula8323,ğŸ‡ğŸ‡ğŸ‡ğŸ‡ğŸ‡,2022-08-20T12:57:04Z,0
533,@brwanono,Iâ€™m jeyngnh 129736 ğŸ‘—ğŸ‘¡ğŸ‘‘ğŸ’ğŸ‘›ğŸ¦„ğŸŒ¹ğŸŒˆğŸğŸŒğŸ“ğŸ¥ğŸ”ğŸ•ğŸŒ­ğŸ—ğŸ¥ªğŸ§‡,2022-08-20T11:34:29Z,0
534,@yessky4854,And wtf why would there be these thingeys tryna crush me??,2022-08-20T08:30:29Z,0
535,@funnyanimals2306,CÃ¡i gÃ¬ váº­yğŸ˜‚ğŸ˜‚ğŸ˜‚,2022-08-20T01:23:23Z,1
536,@habijvn6818,Â¿??,2022-08-19T05:06:07Z,0
537,@simanosman549,Hhh trÃ¨s drÃ´le,2022-08-18T19:14:57Z,1
538,@PankajKumar-io5rn,Phle road to bna lo,2022-08-18T07:16:19Z,3
539,@JimmyWangC8763,é€™éº¼æœƒå¹»æƒ³å–”ï¼Ÿ,2022-08-16T05:34:46Z,0
540,@cutecreature_san,Worest,2022-08-15T05:49:00Z,0
541,@vanapallilakshmidevi2785,ğŸ˜¬ğŸ¤œ,2022-08-14T08:46:03Z,0
542,@mmayank662,Grafics: meri saktiyo ka galat istimal ho raha hai ma,2022-08-14T08:39:07Z,5
543,@youjustgotrickrolled8149,Bro was drunk while making this video,2022-08-13T18:28:06Z,88
544,@sainttilusdjephena7115,Con,2022-08-13T03:11:46Z,0
545,@sainttilusdjephena7115,Dar un permiso al valle,2022-08-13T03:11:37Z,0
546,@CheetosNo1,ì‘ì‘í•´ë¼ ã…‹ã…‹ã…‹ã…‹ã…‹ã…‹ã…‹ã…‹ã…‹ã…‹ã…‹ã…‹,2022-08-13T02:41:28Z,0
547,@bikevideos6440,Dai editing  vera Mari ğŸ¤¬ğŸ¤¬ğŸ¤¬ğŸ¤¬ğŸ¤¬ğŸ¤¬ğŸ˜¡ğŸ˜¡,2022-08-11T11:39:59Z,1
548,@æ—ç§‹æ€¡-m6d,ï¼Ÿ,2022-08-11T07:18:25Z,1
549,@cleonicemaria5873,Fake news demais,2022-08-10T16:16:01Z,0
550,@Legendarymapping2196,Khaby lame..... please roast the person who made it,2022-08-09T14:07:25Z,2
551,@rockstardone6324,à¤—à¤²à¤¤ à¤«à¥€à¤šà¤° à¤¹à¥ˆ,2022-08-09T10:24:55Z,0
552,@DaudKhan2012,im well be done aboute its?,2022-08-08T19:58:03Z,1
553,@zhen.6178,æœäº†ä½ å€‹è€å…­ğŸŒšğŸ‘,2022-08-08T19:17:22Z,0
554,@tharakram3799,Purtepic,2022-08-08T14:36:30Z,0
555,@Ø§Ø±ÙŠØ§Ù…-Ø°2Ø´,.ØŸğŸ¤£ğŸ¤£,2022-08-08T04:40:59Z,0
556,@ednafelema9026,11000000000000000000000000000000000000,2022-08-07T23:01:49Z,1
557,@jaskaran04,Bhen chodo Tati technology scratch pad gye or,2022-08-07T17:59:33Z,0
558,@angelamariaverarojo5544,Fqerrhtseertddabrewbeebqwbumyoyeenewbwwbegbtnhiylotlim3rwnwherrntrnwgwwgdcccmfsjr2bwnrytmirmrebewbewbesbqwbjtmutmptÃ±irmyebrbwevqqgerbrwbrutmywbrrkutmk,2022-08-07T17:05:45Z,0
559,@gracegyau5146,There was no point cus it stopped anyway!!,2022-08-07T14:29:03Z,0
560,@kenan_arsyakha_Nugraha,Bang itu anak kecil lempar aja  ke  got,2022-08-07T12:38:56Z,0
561,@RedType1,Wtf,2022-08-07T06:20:49Z,5
562,@Rar-w3z,What time f***k,2022-08-07T03:48:54Z,0
563,@dhanbirsingh8715,Ambulance ko roknha,2022-08-07T03:13:24Z,1
564,@dainguyenxuan3213,â¤ï¸â¤ï¸â¤ï¸,2022-08-07T02:29:50Z,3
565,@tang529,æ€•æ­»çš„å°±ä¸æ˜¯åœ‹è»æœ€æ€•æ­»çš„å°±æ˜¯å…±ç”¢é»¨ä¸ç›´æ¥é–‹æˆ°æ•´å¤©åœ¨é‚£é‚Šæ¼”ç¿’æ•´å¤©åœ¨æµ·é‚Šç©å°é³¥é‚„æ˜¯ç¹¼çºŒæä¸€å€‹æ‘èŠå¹¹ä¸€å€‹å¥³äººå¥½äº†å“ˆå“ˆè¦ªæ„›çš„æ±å“¥ä½ ä¹Ÿè·Ÿä½ ç¥–åœ‹è¬›ä¸€ä¸‹è¦é¦¬é–‹æˆ°ä¸è¦åœ¨æµ·é‚Šæ‰“æ‰‹æ§ã€‚,2022-08-07T00:10:39Z,0
566,@sofiaapsatha9116,"What fake
Like 
ğŸ‘‡
ğŸ‘‡
ğŸ‘‡",2022-08-06T18:49:41Z,0
567,@ajjubhailovelyajjubhailove8873,ğŸ˜ğŸ˜ğŸ˜ğŸ˜ğŸ˜ğŸƒğŸ’¨ğŸšƒğŸ’¨ğŸ’¨,2022-08-06T07:37:11Z,0
568,@janakudlackova1801,ğŸ˜€ğŸ˜€ğŸ˜€ğŸ˜€ğŸ˜€ğŸ˜€ğŸ˜€ğŸ˜€ğŸ˜€,2022-08-06T07:18:36Z,0
569,@Amdfan69420,"If brain didnâ€™t
Existed yet in 2050 but technology exist",2022-08-06T04:35:45Z,0
570,@phatquan1976,xam vl,2022-08-05T09:36:36Z,0
571,@jefrialghany8572,Edit,2022-08-05T08:28:36Z,1
572,@mrfirdaus6187,Stupid,2022-08-05T01:36:50Z,0
573,@pollymaria7836,Sem noÃ§ao,2022-08-04T17:16:24Z,1
574,@rakeshpoojar5784,Kkkmmmm bnnkkk,2022-08-04T12:32:00Z,0
575,@TarunKumar-rj7ut,https://youtube.com/shorts/1s9lCwGowI4?feature=share,2022-08-04T12:16:56Z,0
576,@bhaskarchary668,Faltu ka idea hai,2022-08-04T11:16:27Z,0
577,@GianHainAap.,Astagfirullah,2022-08-04T10:08:00Z,1
578,@hello100,Rip the driver that was sideways,2022-08-04T08:36:17Z,2
579,@meosara2k115,Chá»§ video Æ¡i táº¡i sao xe cá»©u thÆ°Æ¡ng ko Ä‘c qua rÃµ rÃ ng xe cá»©u thÆ°Æ¡ng Ä‘g Ä‘i cá»©u hÃ ng trÄƒm ngÆ°á»i ngoÃ i kia mÃ  táº¡i sao ko cho qua,2022-08-04T00:44:56Z,2
580,@marlenezavaletagutierrez2932,GrÃ¡ficas HD,2022-08-03T22:56:01Z,1
581,@albert123500,STUPID CHINA,2022-08-03T15:18:18Z,0
582,@adelshakiba,ğŸ˜‚ğŸ¤£â¤â¤â¤â¤,2022-08-03T09:53:35Z,2
583,@Ø³Ù„Ù…Ù‰-Ù„7Ù…,ğŸ˜¯ğŸ˜¯ğŸ˜¯ğŸ˜¯,2022-08-01T15:57:26Z,0
584,@sahalomali115,ğŸ˜ŒğŸ˜”ğŸ˜â˜ºï¸ğŸ¤—ğŸ¤­ğŸ¥±,2022-08-01T11:55:40Z,0
585,@ingafranke2348,???,2022-07-31T19:49:58Z,0
586,@scienceoftechnology6379,Technology,2022-07-31T06:39:41Z,3
587,@scienceoftechnology6379,Tggy,2022-07-31T06:39:28Z,1
588,@hoahoanguyenphuong3366,Maaaaaaaaaaaaaaaaaa  noooooooo  stop aaaaaaaaaaaaaaaaaaaaaaaaaaaaaaaaaaaaaaaaaaaaaaaaaaaaaaaaaaaaaaaaaaaaaaaaaaaaaaaaaaaaaaaaaaaaaaaaaaaaaaaaaaaaaaaaaaaaaaaaaaaaaaaaaaaaaaaaaaaaaaaaaaaaaaaaaaaaaaaaaaaaaaaaaaaaaaaaaaaaaaaaaaaaaaaaaaaaaaaaaaaaaaaaaaaaaaaaaaaaaaaaaaaaaaaaaaaaaaaaaaaaaaaaaaaaaaaaaaaaaaaaaaaaaaaaaaaaaaaaaa,2022-07-31T05:16:11Z,0
589,@gamergrilpro975,WowğŸ˜ğŸ˜ğŸ˜ğŸ˜‚ğŸ¤£,2022-07-30T08:35:08Z,2
590,@abhaytiwari6135,Hi,2022-07-30T06:53:09Z,3
591,@user-ml4lv8ex6c,I am worried about the future...,2022-07-30T05:22:17Z,0
592,@miriamortizlopez132,"Habran mÃ¡s accidentes, con esas estupideces.ğŸ˜ ğŸ˜¡",2022-07-29T21:08:53Z,3
593,@I_dont_know567,"Ğ•ÑĞ»Ğ¸ Ğ±Ñ‹ ÑÑ‚Ğ¾ Ğ±Ñ‹Ğ»Ğ¾ Ğ² Ñ€ĞµĞ°Ğ»ÑŒĞ½Ğ¾ÑÑ‚Ğ¸, ÑÑ‚Ğ¾ Ğ±Ñ‹Ğ»Ğ¾ Ğ±Ñ‹ ÑƒĞ¶Ğ°ÑÑ‚Ğ½Ğ¾",2022-07-29T17:29:50Z,3
594,@marinette416,Lol I hope not ğŸ¤£,2022-07-28T20:18:19Z,8
595,@sabirhosen339,Amin,2022-07-27T15:56:10Z,0
596,@MDsalim-ho2vf,"Fifa Qatar World Cup Super Song
https://youtu.be/XW-x2mAjH1g",2022-07-27T12:27:04Z,0
597,@passionnma,https://youtu.be/jzrglU9J8N0,2022-07-27T10:37:21Z,0
598,@arslansaith1241,Mash Allah subhan Allah,2022-07-27T08:52:28Z,7
599,@moxinurqilicheva6383,Ğ˜Ğ´Ğ¸Ğ¾Ñ‚Ğ¸Ğ·Ğ¼,2022-07-27T08:02:52Z,0
600,@radhemohon9905,"0p,",2022-07-26T19:31:14Z,1
601,@franekkromka7246,Faker,2022-07-26T16:40:46Z,0
602,@wtf-r7s,à¹„à¸”à¸šà¹à¹ƒà¹„à¸‡à¹„à¸”à¸¥à¸”,2022-07-26T14:46:06Z,0
603,@wtf-r7s,3d9do,2022-07-26T14:45:50Z,0
604,@wtf-r7s,WpddğŸ–•,2022-07-26T14:45:23Z,0
605,@jorgepereira5377,Kakakkak,2022-07-24T22:56:37Z,0
606,@ê¹€ì¬ì›…-h5o,ì„¤ì¹˜í•œì‚¬ëŒì£¼ëŒ•ì´ë”±ëŒ€  í„±ë¶ˆë¦¬ì‹œì¼œì¤„ê²Œ,2022-07-24T04:11:37Z,8
607,@mwangimungai9765,Magic or technology?,2022-07-23T21:34:57Z,4
608,@andrewol7794,???????????????????????,2022-07-23T17:54:21Z,1
609,@SanataniKingdom-e4n,*bullsh*t*,2022-07-23T12:33:39Z,1
610,@master-asik1536,Ñ€,2022-07-22T18:03:37Z,0
611,@SanthoshSanthosh-tx7ms,But ambulance ku vali vidala,2022-07-22T01:45:15Z,2
612,@ramonrosario4669,Que porque ra asen los chinos no tiene sentido xd,2022-07-22T01:08:14Z,1
613,@timpro..9,Wtf w-w-w-why this is very big ultra omega mega shit,2022-07-21T15:47:54Z,0
614,@TheGoofyDoodle,Edited edited edited edited edited edited edited edited edited edited edited edited edited edited edited edited edited edited edited edited edited edited edited edited edited edited edited edited edited edited edited edited edited edited edited edited edited edited edited edited edited edited edited edited edited edited edited edited edited edited edited edited edited edited edited edited edited edited edited edited edited edited edited edited edited edited edited edited edited edited edited edited edited edited edited edited edited edited edited edited edited edited edited edited edited edited edited edited edited edited edited edited edited edited edited edited edited edited edited edited edited edited edited edited edited edited edited edited edited edited edited edited,2022-07-21T07:27:13Z,0
615,@mateuszkosmalski7707,Idiot technologii,2022-07-21T07:08:08Z,0
616,@hungbuiviet1272,ngÆ°á»i nhÃ  cpvn cÃ¹ng bá»n ChÃ­nhphá»§viá»‡t nam Äƒncá»©t vÃ  liáº¿mlá»—Ä‘Ã­ttao. rá»“i bá»‹ LHQ xá»­.,2022-07-21T04:11:48Z,0
617,@ch.vijayakumarkumar6839,Give me my 20 seconds back ğŸ˜¡,2022-07-21T03:25:09Z,0
618,@ë‰´íŒŒì›Œë¦¬ì¹˜-r9m,https://podgate.com/7c946e1ì°¸ì—¬ì ì „ì› 1ë§Œì› ì¿ í°ì œê³µhttps://podgate.com/8ba1807https://podgate.com/7c946e1,2022-07-20T22:52:53Z,0
619,@jojohinds3243,Stops ambulance from saving some ones  life the the mayer why did we make that there's a big rate of death in our city,2022-07-20T16:09:05Z,2
620,@stephanietorres5679,This one crazy system.,2022-07-20T12:03:49Z,7
621,@baynguyenvan8175,Thiáº¿t káº¿ nÃ y giá»‘ng nhÆ° bá»‹ khÃ¹ng áº¥y tá»± nhiÃªn DÃ¹ng Ä‘Ã¨n Ä‘á» khÃ´ng dÃ¹ng Ä‘Ã¢u Tá»± nhiÃªn dÃ¹ng cÃ¡i nÃ y,2022-07-20T01:06:20Z,4
622,@gamesjourney-p3g,è¸ã¿æ½°ã›,2022-07-19T12:42:12Z,0
623,@gamesjourney-p3g,è¸ã¿æ½°ã›äººè¨€èªã¨,2022-07-19T12:41:58Z,0
624,@gamesjourney-p3g,æ•‘æ€¥è»Šã¨ã†ã•ã‚“ã§ã,2022-07-19T12:41:26Z,0
625,@ãƒ“ã‚¹ã‚­ãƒ¼ãƒãƒ£ãƒ³ãƒãƒ«æ´»å‹•åœæ­¢ä¸­,è»Šã‚’ç¸¦ã«ã™ã‚‹è¬æ©Ÿèƒ½å¥½ã,2022-07-18T10:08:14Z,5
626,@ê¹€ì§€ì›-l1l6s,ì €ê¸°ê²Œ ì“¸ëª¨ì—…ã„´ì–´,2022-07-17T13:10:36Z,5
627,@tommydent425,What the f was that,2022-07-17T13:07:54Z,5
628,@moingaychonmotniemvuict6128,ğŸ‘ like + sub,2022-07-16T20:53:47Z,0
629,@xakasherifi7451,Is feake,2022-07-16T20:10:51Z,0
630,@rikeshkumar2573,1122,2022-07-16T04:28:53Z,1
631,@Do-uz4zq,https://youtube.com/shorts/KXeRtZBDjpw?feature=share,2022-07-16T01:35:00Z,0
632,@CarLos-lp8tj,https://youtube.com/shorts/o_KaJMFX1a4?feature=share,2022-07-15T22:50:53Z,0
633,@Cellie_flower,Editan ğŸ˜ğŸ˜ğŸ˜ğŸ˜ğŸ˜,2022-07-15T12:58:48Z,3
634,@nisayoyoy,Â±<({}++++----&&&&&&&&':::::;;;;;;;;;;;.   ..,2022-07-15T11:32:46Z,0
635,@AhmetYlmaz-ym5nb,ğŸ‘ğŸ’¯,2022-07-15T10:49:32Z,0
636,@akaiknyk8988,Call khaby lame,2022-07-15T09:55:57Z,4
637,@maecellovebalabat9756,ğŸ‘,2022-07-15T06:37:04Z,1
638,@micheldice7805,MÃ¨si anpil,2022-07-14T21:59:13Z,2
639,@AlCrEmIe.EdItZ.,Ambulance: HEY THIS IS AN EMERGENCY THERE'S a LADY GOING INTO LABOR,2022-07-14T21:50:41Z,2
640,@hedgyhogster8309,What,2022-07-14T15:11:38Z,1
641,@hadanh3954,â€¢_â€¢,2022-07-14T13:52:34Z,0
642,@Khaled_AbdelRazeq_GM,"Good effort but It's better to jump over bridge ğŸ˜ ğŸ™„ğŸ¤¯
Btw, I begin to make simple 2d animation  ğŸ‘‡
https://youtube.com/shorts/w6EuGt6Wepo?feature=share
What about your comments on my work?ğŸ¤”",2022-07-14T12:52:34Z,0
643,@mukeshthakor9467,900gdxghhxdghgdfhghjgghkccv,2022-07-14T09:25:09Z,0
644,@tacticaldroidgaming5952,This technology is bullshitt,2022-07-14T09:13:28Z,0
645,@jumpjump-oz2pr,What 2 d?,2022-07-14T04:54:04Z,3
646,@ismailuzun5268,Thats to idiot,2022-07-13T15:33:24Z,0
647,@maripol7074,Is stupid invention,2022-07-13T12:43:29Z,0
648,@merryyana5987,I hate Chinese,2022-07-13T05:47:54Z,0
649,@green_rr1722,Cgi lol,2022-07-12T23:02:25Z,1
650,@sideeksidee7871,Nice,2022-07-12T16:35:26Z,0
651,@fadilfauzi9420,ğŸ¤©,2022-07-12T12:11:58Z,2
652,@hopefuntv4591,Nice,2022-07-12T07:13:03Z,1
653,@crepper1323_new,"ACCOUNTMENT: This Video 7,2 Millon dislikes real",2022-07-11T10:58:19Z,0
654,@gijoe6075,Wtf would you need that in the world like who makes the dum stuff,2022-07-10T17:23:43Z,0
655,@cathlynagag6350,Hahahaha,2022-07-10T06:21:39Z,1
656,@rati864,cewek cantik LG sendirian nihğŸ˜† https://youtu.be/q8eFKzzrsrM,2022-07-09T18:12:38Z,0
657,@ë ˆê³ ë§ˆì„ê²Œì„ìƒˆìƒ,ì‚¬ëŒì£½ì„ì¼ì‡ë‚˜?ì™œêµ¬ê¸‰ì°¨ë¥¼ì•ˆë³´ë‚´ì¤˜,2022-07-09T13:36:52Z,13
658,@Mirhaknowledge,What is this,2022-07-09T06:19:39Z,1
659,@Nguyenphuong85yt,GhÃ©p fake,2022-07-09T05:37:19Z,0
660,@dipvolgs6206,Kesa video,2022-07-08T07:29:53Z,1
661,@ìˆ˜ì •ì´-q6n,ì°¨ê°€ ëŒ€ë‹¨í•˜ë„¤,2022-07-08T02:32:51Z,0
662,@tokwanlong6825,ä»†è¡—,2022-07-07T11:41:47Z,3
663,@nugget478_,Wtf Why this ğŸ’€,2022-07-07T02:20:46Z,3
664,@Jordanvixity,why is this so true tho,2022-07-06T16:44:56Z,0
665,@VanTran-tw1fk,Xe cá»©u thÆ°Æ¡ng pháº£i nhÆ°Æ¡ng chÆ°d tháº¿ nayg ko Ä‘uocj,2022-07-06T06:03:26Z,0
666,@saitkumer1006,Hi,2022-07-05T14:56:21Z,2
667,@kolejowyjanek2681,Bruh,2022-07-05T06:07:22Z,4
668,@barcodereader,Bollywood lore,2022-07-04T13:53:18Z,0
669,@ëŒ€ë³µë°•-f3l,"ğŸ¦ğŸ¦ğŸ¦ğŸ¦ğŸ¦
ëŒ€í•œë¯¼êµ­ğŸ‡°ğŸ‡·ì¶•êµ¬í˜‘íšŒâš½ï¸íšŒì¥ ì •ëª½ê·œğŸ§’ HDCí˜„ëŒ€ì‚°ì—…ê°œë°œIPARK ì •ëª½ê·œğŸ§’
ë¶€ì²œì•½ëŒ€ì£¼ê³µ ì¬ê±´ì¶• 40ê°œ ë™ ì¡°í•©ì› 1034ì„¸ëŒ€ ì¶”ê°€ë¶€ë‹´ê¸ˆ 1368ì–µ ë°œìƒì‹œí‚´ ì™œ 1368ì–µì´ ë°œìƒ ëœê±´ì§€ ê·¼ê±°ë¥¼ ì œì‹œí•´ë´?
ë‹¨ì§€ ë‚´ ì„¤ê³„ëŒ€ë¡œ ê³µì‚¬ë¥¼ ì•ˆí•´ ë„ë¡œí­ì´ ì¢ì•„ì ¸ ì¤€ê³µê³¼ ë“±ê¸°ê°€ ëŠ¦ê²Œë‚˜ë©° ì¡°í•©ì›ê»˜ ì–´ë§ˆ ì–´ë§ˆí•œ í”¼í•´ë¥¼ ì…í˜”ê³  ì •ëª½ê·œğŸ§’ê°€ ì•„íŒŒíŠ¸ ë‹¨ì§€ ë‚´ ë•… íŒŒë†“ê³  ì¶”ê°€ë¶€ë‹´ê¸ˆ ì˜¬ë ¤ ë‹¬ë¼ê³  1ë…„ê°„ ê³µì‚¬ë¥¼ ì¤‘ë‹¨í•´ ë¹—ë¬¼ì´ ê³ ì¸ ê³³ì— ì†Œì¤‘í•œ ì•„ì´ë“¤ 2ëª… ì”©ì´ë‚˜ ë¹ ì ¸ ì‚¬ë§ì¼€ í–ˆìœ¼ë‹ˆ ì‚´ì¸ì£„ ë§ì§€ìš”?
ì•„ìš¸ëŸ¬ HDCí˜„ì‚°IPARK ì •ëª½ê·œğŸ§’ëŠ” ì•½ëŒ€ì£¼ê³µ 1ê¸° ì¡°í•©ì¥ ê³¼ í™•ì •ì§€ë¶„ì œ ê³„ì•½ì„ í–ˆê³ ,
ìƒí™©ì´ ë¶ˆë¦¬ í•´ì§€ì ë„ê¸‰ì œë¡œ ë³€ê²½ì‹œí‚¤ê¸° ìœ„í•˜ì—¬ 1ê¸° ì¡°í•©ì¥ ë†ˆê³¼ ë„ê¸‰ì œ ë³€ê²½ì´íšŒë¥¼ ì—´ì–´ ë¶€ê²°ì´ ë˜ì,
ì´íšŒë¥¼ ë°˜ë³µí•´ì„œ ì—´ì–´ í†µê³¼ ì‹œí‚¤ëŠ” ì´ëŸ° ì•…ë‚ í•˜ê³  ì¶”ì•…í•œ ê°‘ì§ˆì´ ì„¸ìƒì— ë˜ ìˆì„ê¹Œìš”?
í˜„ëŒ€ì‚°ì—…ê°œë°œ ê³¼ ì•½ëŒ€ì£¼ê³µ ê°„ì— í™•ì •ì§€ë¶„ì œ ê³„ì•½ì„ í–ˆìŒì—ë„ ì´ëŸ° ë‚˜ìœ ì§“ì„í•œ ì •ëª½ê·œğŸ§’ëŠ” ê³„ì•½ìœ„ë°˜ ë§ì§€ìš”?
í•´ì„œ 1ê¸° ì¡°í•©ì¥ ë†ˆì„ í•´ì„ ì‹œí‚¤ê³ ,
ì €ëŠ” 2ê¸° ì¡°í•©ì¥ ë•Œë¶€í„° ì¡°í•©ì‚¬ë¬´ì‹¤ì„ ìì£¼ ì°¾ì•„ê°€ ì¡°í•©ì„ ì§€í‚¤ë©° ê°ì‹œë¥¼ í–ˆê±´ë§Œ ì—­ì‹œë‚˜ ë¯¿ì—ˆë˜ 2ê¸° ì¡°í•©ì¥ ë†ˆë„ ì¡°í•©ì›ì„ ë°°ì‹ í•˜ê³  í˜„ëŒ€ì‚°ì—…ê°œë°œ ì •ëª½ê·œğŸ§’í¸ì— ì„œëŠ” ë°”ëŒì— í•´ì„ ì‹œí‚¤ê³ ,
ì €ëŠ” 3ê¸° ì¡°í•©ì¥ ìœ¼ë¡œ ìƒˆë¡œìš´ ì¶œë°œì„ í•˜ì˜€ìŠµë‹ˆë‹¤,
ì‹œê³µì‚¬ HDCí˜„ì‚°IPARK ì •ëª½ê·œğŸ§’ì™€ ê²°íƒ ì—†ì´ ì˜¤ë¡œì§€ ë‚´ ì¬ì‚°ê³¼ ì¡°í•©ì›ë‹˜ ì¬ì‚°ì„ ìœ„í•˜ì—¬ í•œëˆˆíŒ”ì§€ ì•Šê³  ì´ì •ì£¼ ë³€í˜¸ì‚¬ ì™€ í•¨ê»˜ ì¡°í•©ì„ ìœ„í•´ ìµœì„ ì˜ ë…¸ë ¥ì„ í–ˆìŠµë‹ˆë‹¤, ì•„ìš¸ëŸ¬ ê³ ë“±ë²•ì›ì—ì„œ ì¡°í•©ì—ê²Œ ìŠ¹ì†Œ ì‹œì¼œì¤€ ì´ë™ì› íŒì‚¬ë‹˜ì€ í˜„ì¬ ëŒ€ë²•ì›ì— ì •ì˜ ì˜ ëŒ€ë²•ê´€ ì´ì‹­ë‹ˆë‹¤, ì´ë™ì› ëŒ€ë²•ê´€ë‹˜ì„ ì¡´ê²½í•˜ë©° ì‚¬ë‘í•©ë‹ˆë‹¤, ë‹¹ì‹ ì€ ëŒ€ë²•ì›ì¥ ìê²©ì„ ê°”ì¶”ì—ˆìŒ,
ì œê°€ 3ê¸° ì¡°í•©ì¥ì´ ë˜ì—ˆì§€ë§Œ í˜„ì‚° ì •ëª½ê·œğŸ§’ëŠ” í˜„ì‚° ê°‘ì§ˆì— í˜‘ì¡°ë¥¼ ì•ˆí• ê²Œ ë»”í•´ì„œ ê·¸ëŸ°ì§€ ì •ëª½ê·œğŸ§’ê°€ ì¡°í•©ì— ë³´ë‚¼ ìê¸ˆì„ ë³´ë‚´ì¤˜ì•¼ ì¡°í•© ìš´ì˜ì„ í• ìˆ˜ê°€ ìˆëŠ”ë°,
ì •ëª½ê·œğŸ§’ê°€ ì¡°í•©ì— ë³´ë‚¼ëˆì„ ë³´ë‚´ì§€ ì•Šê³  ëˆì¤„ì„ ë§‰ì•˜ìœ¼ë‹ˆ ì´ê±´ ì‹ë¬¼ ì¡°í•©ì„ ë§Œë“¤ë ¤ê³  ì‘ì • í•œê²ƒì´ ë¶„ëª…í•˜ì§€ìš”?
ì¶”ì•…í•œ ì •ëª½ê·œğŸ§’ê°€ ì¡°í•©ì— ë³´ë‚¼ ìê¸ˆì„ ë³´ë‚´ì§€ ì•Šì ì¡°í•©ì›ë‹˜ë“¤ ê»˜ì„œ ìŠ¤ìŠ¤ë¡œ ê¸°ê¸ˆì„ ëª¨ì•„ì„œ ì¡°í•©ì‚¬ë¬´ì‹¤ ìš´ì˜ì„ í–ˆìŠµë‹ˆë‹¤,
HDCí˜„ì‚°IPARK ì •ëª½ê·œğŸ§’ ì´ëŸ¬í•œ í–‰íƒœë¥¼ ë³´ì•„ ì•…ë‚ í•œ ì‚¬ëŒì´ ë§ì§€ìš”?
ì €ë¥¼ ë¹„ë¡¯í•´ ì„ì›ë“¤ ëª¨ë‘ê°€ ìš©ì‚°ì—­ HDCí˜„ëŒ€ì‚°ì—…ê°œë°œIPARK ì •ëª½ê·œğŸ§’ ë³¸ì‚¬ë¥¼ ì°¾ì•„ ê°”ì§€ë§Œ ë¬¸í„±ë„ ë„˜ì–´ë³´ì§€ ëª»í•˜ê³  ëŒì•„ì„°ì„ë•Œ ì¡°í•©ì›ì„ ëŒ€í‘œí•´ì„œ ì°¾ì•„ê°„ ì„ì› ëª¨ë‘ê°€ ë¬´ì‹œë¥¼ ë‹¹í–ˆë‹¤ëŠ”ê±´ ì¡°í•©ì›ì„ ë¬´ì‹œí•œê²Œ ë§ì§€ìš”?
ì¶•êµ¬í˜‘íšŒ íšŒì¥ ì •ëª½ê·œğŸ§’
HDCí˜„ì‚°IPARK ì •ëª½ê·œğŸ§’ ê°‘ì§ˆ ë•Œë¬¸ì— ì €ëŠ” ì˜¤ëŠ˜ë„ ì „êµ­ ì¬ê±´ì¶• ì¬ê°œë°œ ë¦¬ëª¨ë¸ë§ í•˜ì‹œëŠ”ì¡°í•©ì›ë‹˜ê»˜ ì•½ëŒ€ì£¼ê³µ ê°™ì€ í”¼í•´ë¥¼ ë„ë¦¬ ì•Œë¦¬ê³ , í”¼í•´ë¥¼ ë§‰ê³ ì ì•„ê¹ê³  ì†Œì¤‘í•œ ì‹œê°„ì„ ìª¼ê°œì„œ ëŒ“ê¸€ì„ ì˜¬ë ¤ë´…ë‹ˆë‹¤,
í˜¹ì—¬ HDCí˜„ëŒ€ì‚°ì—…ê°œë°œIPARK ì¬ê±´ì¶• ì¬ê°œë°œ ë¦¬ëª¨ë¸ë§ ê²½ìŸ í•˜ëŠ”ê³³ ì•„ì‹œë©´ ì •ë³´ ë¶€íƒí•©ë‹ˆë‹¤,
ê¸´ê¸€ ì½ì–´ ì£¼ì…”ì„œ ê°ì‚¬í•˜ê³  ì‚¬ë‘í•©ë‹ˆë‹¤ íŒŒì´íŒ… ğŸ’–,
< ë„¤ì´ë²„ ë¸”ë¡œê·¸, daebok5812 ê²€ìƒ‰ ğŸ™†â€â™‚ï¸ > 

ì•½ëŒ€ì£¼ê³µ 3ë²ˆì§¸ ì¡°í•©ì¥ ë°•ëŒ€ë³µ 

HDCí˜„ëŒ€ì‚°ì—…ê°œë°œIPARK ê´‘ì£¼í•™ë™ ì² ê±° ë¶•ê´´ë¡œ 9ëª…ì‚¬ë§ 8ëª…ì¤‘ìƒ, ì´í›„ 7ê°œì›” ì‚¬ì´ì£ ? ê´‘ì£¼í™”ì •ë™ ì•„ì´íŒŒí¬ ë¶•ê´´ë¡œ 6ëª… ì‚¬ë§, ì´ì •ë„ë©´ ì‚¬ëŒ ì£½ì´ëŠ” ì‚´ì¸ê¸°ì—… ë§ì§€ìš”?
https://youtu.be/ukn1TB81r9M


ì¬ê±´ì¶• ì¬ê°œë°œ ë¦¬ëª¨ë¸ë§ ì¡°í•©ì›ë‹˜ ì˜ìƒì„ ë³´ì‹œê³  ì°¸ê³ í•˜ì‹¤ê±°ì£ ? ì£½ìŒìœ¼ë¡œ ê°ˆìˆ˜ë„ ìˆê² ì§€ìš”?
https://youtu.be/M5PWHjZSUjc


ì©ì–´ë¹ ì§„ íŒê²° í•˜ê¸°ë³´ë‹¤ ê³µì •í•œ íŒê²°ì„ ìš”êµ¬í•˜ëŠ” ì•½ëŒ€ì£¼ê³µ ì‚­ë°œì‹
https://youtu.be/ahThs_TBlaQ 

HDCí˜„ëŒ€ì‚°ì—…ê°œë°œIPARK ì •ëª½ê·œğŸ§’ ì•½ëŒ€ì£¼ê³µ ì¡°í•©ì›ê»˜ í”¼í•´ë¥¼ ë³´ìƒí•˜ê³  ì‚¬ì£„í•˜ë¼, ê·¸ë˜ì•¼ ì‚¬ëŒë§ì§€?",2022-07-04T05:28:42Z,0
670,@gaddalakiranmai2943,Why is this even needed,2022-07-04T03:17:13Z,3
671,@HaiNguyen-ki7tu,o==[]::::::::::::::::>âŒâ•¦â•¦â•â”€â–„ï¸»Ì·Ì¿â”»Ì¿â•â”ä¸€,2022-07-03T13:44:22Z,0
672,@hothithuykieu4959,ğŸŒ¹ğŸŒ¹ğŸŒ¹ğŸŒ¹ğŸŒ¹,2022-07-03T08:07:02Z,1
673,@phindilemlaba4232,Amanga amangaka,2022-07-01T09:25:41Z,1
674,@albertl944,bchu,2022-07-01T00:32:45Z,1
675,@dongphucbalonanufa,Xe siÃªu Ä‘á»‰nh,2022-06-30T17:04:21Z,5
676,@panchramnetam9293,à¤à¤®à¥à¤¬à¥à¤²à¥‡à¤¶ à¤•à¥‡ à¤²à¤¿à¤ à¤•à¥‹à¤ˆ à¤Ÿà¥à¤°à¥ˆà¤«à¤¿à¤• à¤¨à¤ˆ à¤°à¤¹à¤¤à¤¾,2022-06-27T08:35:52Z,2
677,@sisik8730,Stupid scene,2022-06-27T06:42:42Z,0
678,@ashikk4598,à´Šà´®àµà´ªà´¿à´•àµà´•àµŠ à´ªàµ‚à´±à´¨àµà´®à´¾à´°àµ† ğŸ˜,2022-06-26T15:55:04Z,0
679,@wittayaf4718,ğŸ¤”ğŸ¤«ğŸ˜±ğŸ˜,2022-06-26T07:35:51Z,4
680,@tundeadeyi1939,Cool,2022-06-25T14:03:48Z,0
681,@ONEDILL,"ì¤‘êµ­ ë¯¼ì£¼í™”ë¥¼ ì§€ì§€í•œë‹¨ ë©”ì„¸ì§€ ì˜ ë´¤ì–´. ì§€ê¸ˆ ë©”ì„¸ì§€ëŠ” ë‹¤ë¥¸ ì˜ìƒìœ¼ë¡œ í•´ë…í•´, ë¯¼ì£¼ì£¼ì˜ì˜ í¬ë§ì„ ë¹Œê²Œ,
ê³µì•ˆì˜ ì¶”ì ë•Œë¬¸ì— ë‹¤ë¥¸ ê¸°ê¸°ë“¤ì€ íŒŒê¸°í•˜ëŠ”ê²Œ ì¢‹ì„ê±°ì•¼",2022-06-25T11:13:24Z,7
682,@minhhiennguyen674,cáº¥p cá»©u Ä‘Ã©o cho qua lÃ  sao,2022-06-25T09:46:20Z,0
683,@tomaliothetomato439,No,2022-06-25T05:27:50Z,0
684,@dilnozasaidova1619,ğŸ‘ğŸ‘ğŸ‘,2022-06-25T04:13:09Z,1
685,@hiranmayeedash5625,What is this,2022-06-25T03:48:45Z,1
686,@viralvideo6295,Q,2022-06-25T00:51:55Z,0
687,@claudioarmanini6993,Fate eccezione per ambulanza please...,2022-06-25T00:31:11Z,2
688,@à¸¨à¸±à¸à¸”à¸´à¹Œà¸Šà¸±à¸¢à¸‡à¸²à¸¡à¹à¸ªà¸‡-à¸—8à¸‹,à¸›à¸±à¸à¸à¸²à¸­à¹ˆà¸­à¸™,2022-06-25T00:13:09Z,0
689,@John168,æ— èŠ,2022-06-24T11:14:38Z,10
690,@nazrulislamakib4414,"FIFA Qatar World Cup Song 2022
https://youtu.be/XW-x2mAjH1g",2022-06-24T09:40:37Z,0
691,@mhajamokithan3588,Useless,2022-06-24T08:42:55Z,0
692,@quango4292,dm ghÃ©p áº£nh,2022-06-24T07:51:30Z,0
693,@CITYPULS,https://youtu.be/EgVHRiPCrxo,2022-06-24T06:20:40Z,0
694,@indianintertaining6507,"ğŸ‘ğŸ‘ğŸ‘Œbest, 
I subscribe u",2022-06-24T05:22:53Z,2
695,@nr7status226,https://youtube.com/shorts/NWihUubOnBw?feature=share,2022-06-24T03:04:01Z,0
696,@cameliahorodnic3947,Pericol social !!!bunÄƒ treabÄƒ!!!ğŸ‘ğŸ‘ğŸ‘,2022-06-23T20:41:41Z,2
697,@dodododod666,ğŸ˜‘,2022-06-23T16:30:33Z,1
698,@queenbeauty6170,What's the use of that?,2022-06-23T14:12:59Z,0
699,@madhusudana.smathematicste981,Not useful,2022-06-23T12:44:50Z,0
700,@tiktok24h16,ğŸ‘,2022-06-23T09:38:20Z,1
701,@vamsivamsi3277,"Aumblance v
Leave uselas",2022-06-23T04:43:49Z,1
702,@grimanezacarvajal8065,o0pÃ±6h,2022-06-22T21:57:14Z,0
703,@grimanezacarvajal8065,y,2022-06-22T21:56:04Z,0
704,@tatianad4401,Ğ¡ÑƒĞ¿ĞµÑ€ !,2022-06-22T12:27:24Z,1
705,@ngocminh6376,ko hiÃªu,2022-06-22T11:38:29Z,1
706,@tausiefkhan6526,Desh per Marne se achcha hai pahle ma bap bhai bhan aur aane wali zindagi k liye maro kya danga macha rakhha hai kisi aur desh me itne yuva hote to aaj pata nai wo desh kaha se kaha per hota aur ye budhhe sankeer mansikta wale log jo satta per kabiz hai wo desh k logo ko noch gahsot rahe wo bhi mandir masjid k chakkar me phansa ker kabhi koi neta ka londa nai dekha hum k army me gya ho ager gya bhi hoga to janral karnnal rank per gareeb paida hi gandmarane k liye hota hai,2022-06-22T05:57:26Z,0
707,@khanhvu5531,Hay,2022-06-21T14:44:10Z,0
708,@shireeram2750,Very smart,2022-06-21T14:26:58Z,3
709,@í™©ê²½ì-b8g,ã…ã…   ì˜ê°€ë‹¤ê°€  ì™œ  ì˜…ìœ¼ë¡œ  ê°€ì§€   ë„ˆ  ë•Œë¬¸ì—   ì— ë¸”ëŸ¼ ìŠ¤ì°¨ë„ì˜¤ê³   ì—íš¨ ì°¸,2022-06-21T13:53:24Z,4
710,@Hand-455,ğŸ‘ğŸ‘ğŸ‘ğŸ‘ğŸ‘,2022-06-21T07:32:09Z,0
711,@LQg3355,ZhangğŸ•ë“¤ì˜ í—ˆí’ ì˜ìƒ,2022-06-21T07:23:16Z,0
712,@å‰ç¥¥å¯Œè²´-b6y,å¹¼ç—”,2022-06-21T06:30:10Z,2
713,@denislamalice425,Non Ã§a veut dire LevÃ© le pied !!! ( ralentit ),2022-06-20T18:22:41Z,0
714,@kuttyharshasai2454,This is game ğŸ®,2022-06-20T14:33:01Z,0
715,@simonkin1230,ğŸ˜ğŸ˜˜,2022-06-20T13:35:49Z,0
716,@CHUNGHA-AZ,ì§€ë„í•œë‹¤ ã…‹ã…‹ã…‹ã…‹,2022-06-19T14:55:36Z,0
717,@qtr01122,china,2022-06-19T04:32:16Z,0
718,@jbchandigarhia8679,No,2022-06-19T04:16:16Z,0
719,@A.a-yes,ë‚˜ëŠ” ë³´ì•˜ë‹¤ ê°€ì§œë¼ëŠ” ê±¸ ì•Œì•˜ë‹¤,2022-06-19T03:13:50Z,0
720,@musabin910,ğŸ˜‚ğŸ˜‚ğŸ˜‚ğŸ˜‚ğŸ˜‚,2022-06-19T01:28:32Z,1
721,@maks-y3o6y,Ğ¥Ğ¾Ñ€Ğ¾ÑˆĞ°Ñ Ğ³Ñ€Ğ°Ñ„Ğ¸ĞºĞ°,2022-06-18T11:21:26Z,0
722,@dilshaddilshad620,Kamala yaar Kamal yaar,2022-06-18T09:37:57Z,1
723,@kolyaxazratkulov391,Daxshat ekan,2022-06-18T08:09:30Z,1
724,@nannsjnsnajsnen5000,NÃ³ hÆ¡i bá»‹ nfu,2022-06-18T07:34:08Z,2
725,@è•­è©²å¾—-d7m,ç„¡å¯èƒ½çš„äº‹å¤ªèª‡å¤§äº†ï¼,2022-06-18T01:00:06Z,0
726,@dagmaramajewska9718,I'm Ilon  mask,2022-06-17T20:21:17Z,0
727,@Nezrin905,FAKE,2022-06-17T11:25:35Z,0
728,@mariasalassalas3148,Ok,2022-06-16T15:30:30Z,9
729,@riyabramhane3355,Fakeeewe,2022-06-16T09:38:58Z,0
730,@moacirluizdarosarosa6997,ğŸ‘Cinza idiotağŸ‘,2022-06-15T21:25:05Z,0
731,@Nagavinayking6234,ğŸ¤£ğŸ¤£ğŸ¤£ğŸ¤£ğŸ¤£ğŸ˜‚ğŸ˜‚ğŸ˜‚,2022-06-15T17:28:23Z,3
732,@Nagavinayking6234,ğŸ˜‚ğŸ˜‚ğŸ˜‚ğŸ˜‚ğŸ˜‚,2022-06-15T17:28:02Z,4
733,@gopalmahanand9497,Magiha,2022-06-15T15:47:00Z,1
734,@user-nintedaddy,210k foolish mfs ğŸ˜’,2022-06-15T13:07:28Z,0
735,@Herscher-ReideL,ambulanceğŸ’€,2022-06-15T10:55:37Z,0
736,@BirdsGUYY,LOL,2022-06-15T04:45:22Z,0
737,@Ø§Ø­Ù…Ø¯Ø§Ù„ÙˆØ­ÙƒØ¹,ğŸ’—ğŸ’—ğŸ’—ğŸ’—ğŸ’—ğŸ’—ğŸ’—ğŸ’—ğŸ’—ğŸ’—ğŸ’—ğŸ’—ğŸ’—ğŸ’—ğŸ’—ğŸ’—ğŸ’—ğŸ’”ğŸ’”ğŸ’—ğŸ’—ğŸ’—ğŸ’—ğŸ’—ğŸ’—ğŸ’—ğŸ’—ğŸ’—ğŸ’—ğŸ’—ğŸ’—ğŸ’—ğŸ’—ğŸ’—ğŸ’—ğŸ’—ğŸ’—ğŸ’—ğŸ’—ğŸ’—ğŸ’—ğŸ’—ğŸ’—ğŸ’—ğŸ’—ğŸ’—ğŸ’—ğŸ’—ğŸ’—ğŸ’—ğŸ’—ğŸ’—ğŸ’—ğŸ’—ğŸ’—ğŸ’—ğŸ’—ğŸ’—ğŸ’—ğŸ’—ğŸ’—ğŸ’—ğŸ’—ğŸ’—ğŸ’—ğŸ’—ğŸ’—ğŸ’—ğŸ’—ğŸ’—ğŸ’—ğŸ’—ğŸ’—ğŸ’—ğŸ’—ğŸ’—ğŸ’—ğŸ’—ğŸ’—ğŸ’—ğŸ’—ğŸ’—ğŸ’—ğŸ’—ğŸ’—ğŸ’—ğŸ’—ğŸ’—ğŸ’—ğŸ’—ğŸ’—ğŸ’—ğŸ’—ğŸ’—ğŸ’—ğŸ’—ğŸ’—ğŸ’—ğŸ’—ğŸ’—ğŸ’—ğŸ’—ğŸ’—ğŸ’—ğŸ’—ğŸ’—ğŸ’—ğŸ’—ğŸ’—ğŸ’—ğŸ’—ğŸ’—ğŸ’—ğŸ’—ğŸ’—ğŸ’—ğŸ’—ğŸ’”ğŸ’—ğŸ’—ğŸ’—ğŸ’—ğŸ’—ğŸ’—ğŸ’—ğŸ’—,2022-06-15T04:39:52Z,0
738,@Ø§Ø­Ù…Ø¯Ø§Ù„ÙˆØ­ÙƒØ¹,Ø±Ø¯Ø§Ù†,2022-06-15T04:38:40Z,0
739,@Ø§Ø­Ù…Ø¯Ø§Ù„ÙˆØ­ÙƒØ¹,Ø§Ø¨Ùˆ,2022-06-15T04:37:59Z,0
740,@Ø§Ø­Ù…Ø¯Ø§Ù„ÙˆØ­ÙƒØ¹,ğŸ˜­ğŸ˜­ğŸ˜­ğŸ˜­ğŸ˜­ğŸ˜­,2022-06-15T04:37:47Z,2
741,@szilardpinter1348,Ez aztÃ¡n a technolÃ³gia egy kÃ©t kerÃ©ken gurulÃ³ bmw el mehet de egy szirÃ©nÃ¡zÃ³ mentÅ‘ nem ğŸ¤”,2022-06-14T20:23:26Z,0
742,@wentorgxmuffin6250,FUUUUCKK!!!!!!,2022-06-14T17:05:56Z,1
743,@viktormilutinovic221,FAKE,2022-06-14T16:13:19Z,0
744,@alanoodalmarri9306,ğŸ˜®ğŸ˜®ğŸ˜®ğŸ˜®ğŸ˜®ğŸ˜®ğŸ˜®ğŸ˜®ğŸ˜®ğŸ˜®ğŸ˜®ğŸ˜®ğŸ˜®ğŸ˜®ğŸ˜®ğŸ˜®ğŸ˜®ğŸ˜®ğŸ˜®ğŸ˜®ğŸ˜®ğŸ˜®ğŸ˜®â€ğŸ’¨ğŸ˜®â€ğŸ’¨ğŸ˜®â€ğŸ’¨,2022-06-14T12:06:00Z,0
745,@ISERUS,This is the best 2d future prediction,2022-06-14T06:30:28Z,2
746,@hajkova5444,It's bad,2022-06-13T17:40:26Z,0
747,@nicoletapetcu7622,Thats cap i can Tell is cap unlike,2022-06-13T16:45:36Z,1
748,@maxinebriggs3504,G xhzfgjtfuxfhf,2022-06-13T16:15:51Z,0
749,@pefg9979,ğŸ‘ğŸ‘ğŸ‘ğŸ‘ğŸ‘,2022-06-13T16:06:02Z,0
750,@suchitravasanthakumar2554,Enga amma appa amma appa amma,2022-06-13T15:26:20Z,1
751,@bddtvnewsmdceo378,https://youtu.be/7Ss701sxucUq,2022-06-13T12:37:11Z,0
752,@shailjagaur4714,Well thatâ€™s stupid ğŸ™„,2022-06-13T11:47:56Z,9
753,@zainbzainb8694,ÙŠ,2022-06-13T11:09:58Z,1
754,@RohitKumar-nq9zw,Ohggf and,2022-06-13T04:26:41Z,0
755,@mahseen467,â€š,2022-06-13T01:52:30Z,3
756,@natalkapyrek8506,KÅ‚amstwo,2022-06-12T19:30:48Z,0
757,@inusharayala3207,No,2022-06-12T16:36:03Z,0
758,@daiaraguirado4174,â˜¹ï¸ğŸ¤•ğŸ¤’ğŸ¤’,2022-06-12T12:56:06Z,2
759,@binhduong1712,ğŸ—ğŸŒ¶ğŸŒ½ğŸ‡,2022-06-12T10:34:26Z,1
760,@UkuTt,Zort,2022-06-12T07:02:07Z,2
761,@Ñ€Ğ¿ĞµÑ€Ğ¾Ğ¾Ğ¿Ğ¿Ñ€Ğ¾Ğ½,Ğ£ Ğ½Ğ°Ñ Ğ¸ Ğ±ĞµĞ· Ñ‚Ğ°ĞºĞ¾Ğ¹ Ñ…ĞµÑ€Ğ½Ğ¸ Ğ³Ğ¾Ğ½ÑÑÑ‚ Ğ½Ğ° Ğ´Ğ²ÑƒÑ… ĞºĞ¾Ğ»ĞµÑĞ°Ñ…,2022-06-12T06:08:11Z,6
762,@ê²Œì„ë§Œì°ëŠ”ë®¤ì¸ ,Do you change between an ambulance and a car?,2022-06-12T05:44:40Z,9
763,@tamillamamedova2814,ğŸ¤£,2022-06-11T19:35:29Z,3
764,@tamillamamedova2814,Napim,2022-06-11T19:35:20Z,0
765,@petrpavelka6431,To by nikdo nikam nedojel,2022-06-11T19:12:16Z,0
766,@redmibeshpuls310,-F,2022-06-11T16:56:55Z,2
767,@mlmdesysheh9197,098754,2022-06-11T05:58:54Z,0
768,@ainadycastaneda6446,ğŸ’€uh ğŸ’€,2022-06-11T02:13:43Z,1
769,@whatareyouwatching5943,Goofy ahhğŸ‘½,2022-06-10T23:54:23Z,2
770,@æœ¬ç”°ã‚Šã»ã‚“ãŸã‚Š,ã“ã‚Œã«ã»ã‚“ã«ã‚‚ãŠãŸã‚‰ã„ã„ãªğŸ˜€ğŸ™‚ğŸŒ¶ï¸,2022-06-10T22:36:55Z,1
771,@evicka_1282,Ahoj,2022-06-10T18:30:45Z,0
772,@mirandahullie,ÃŸÄ‘oÄ¯Â²â…–â´â¶â¹â°â¿11Ã½Å¯,2022-06-10T17:17:57Z,0
773,@hridjdjr7638,Ã‡oook saÃ§ma ezilire ezilsinğŸ§,2022-06-10T17:07:21Z,2
774,@rohotoynematova56,ğŸ˜‚ğŸ¤£,2022-06-10T12:00:43Z,0
775,@michael_fiotakis8983,"These videos man, are so stupid ğŸ’€",2022-06-10T10:10:20Z,0
776,@enricoguarnieri8709,Play station 5,2022-06-10T07:34:20Z,0
777,@vuphan8058,ğŸ˜¡ğŸ˜¡ğŸ˜¡ğŸ˜¡ğŸ˜¡ğŸ˜¡ğŸ˜¡ğŸ˜¡ğŸ˜¡ğŸ˜¡ğŸ˜¡ğŸ˜¡ğŸ˜¡ğŸ˜¡,2022-06-10T06:40:07Z,1
778,@alfanajibiapriansyah6464,BABI,2022-06-10T05:25:17Z,0
779,@zerosugar7384,ì´ê²Œ ë­ì•¼,2022-06-10T04:42:47Z,10
780,@luongvuanh3793,fake....,2022-06-10T03:08:00Z,0
781,@cricket9371,The person in the ambulance probably died just because of that useless thing!,2022-06-09T21:02:34Z,11
782,@guncellekendini9428,Ambulans Ã¶nÃ¼ndeki nasÄ±l geÃ§ti,2022-06-09T20:32:40Z,1
783,@abrornurmatov4846,Ğ”Ğ¶Ğ°Ğ¼Ñ‰Ñ‹Ñ‚Ñ‹,2022-06-09T19:17:35Z,6
784,@wotb.exe..5480,BMW Ğ¿Ñ€Ğ¾ĞµÑ…Ğ°Ğ» Ğ° Mercedes Ğ½ĞµÑ‚,2022-06-09T18:13:45Z,0
785,@mclee981,Just china ğŸ¤®ğŸ¤®,2022-06-09T17:28:56Z,0
786,@AverageAyinEnjoyer,Useless.,2022-06-09T17:14:44Z,7
787,@ak_technical1156,Achhi ninga technical hai,2022-06-09T16:41:16Z,2
788,@kzre7663,What is it?,2022-06-09T16:32:35Z,0
789,@amberheardsdog,Why the hell is everyone saying â€œfakeâ€ ? It says ANIMATION in the title smh.,2022-06-09T16:31:47Z,7
790,@siratali,Ù…Ø§ Ø§Ù„ÙØ§Ø¦Ø¯Ø© Ù…Ù† Ù‡Ø°Ø§ Ø§Ù„ÙÙŠØ¯ÙŠÙˆ,2022-06-09T12:57:56Z,4
791,@sus-uh1ft,This is the most ridiculous thing for 2050,2022-06-09T12:03:09Z,9
792,@ì´ìš°í˜-z8i,Xi JinPigğŸ·,2022-06-09T11:50:30Z,0
793,@everytingspeakertester8045,ITS A FUCKING CONCEPT,2022-06-09T11:18:03Z,0
794,@adaw2655,Fake xd,2022-06-09T11:12:22Z,1
795,@Lukyyyz,FAKE!!!!,2022-06-09T11:02:23Z,0
796,@thiennhanle1596,Fake,2022-06-09T10:33:34Z,0
797,@anitaprajapat4381,Why would future have hydralic shoes mf,2022-06-09T10:12:45Z,0
798,@boscosmos8430,Fake,2022-06-09T09:31:59Z,0
799,@someone89011,bad,2022-06-09T07:58:23Z,0
800,@mrsirmnzz5375,this is so useless,2022-06-09T06:26:57Z,0
801,@einotiitinen8068,Yeas,2022-06-09T06:11:26Z,0
802,@pablo-lm2tu,Look stupid,2022-06-09T05:51:37Z,0
803,@brick_head99,Worst fake future technology,2022-06-09T05:50:43Z,31
804,@g.bparmar4961,FakeğŸ‘ğŸ‘ğŸ‘ğŸ‘,2022-06-09T05:45:54Z,2
805,@adamimran470,fake,2022-06-09T05:31:01Z,4
806,@CurioXploress,Fk fk fk fk fk fk,2022-06-09T04:19:58Z,0
807,@mundoojÃ´,Kkkkkk,2022-06-08T20:01:36Z,1
808,@bffnf9079,Wtf,2022-06-08T15:51:21Z,0
809,@à¸˜à¸µà¸£à¸¨à¸±à¸à¸”à¸´à¹Œà¹„à¸Šà¸¢à¸ªà¸¡à¸„à¸¸à¸“,à¸¥à¸¥,2022-06-08T12:54:06Z,0
810,@jeanannebernabe5527,Boysict na daanan yang,2022-06-08T10:23:52Z,0
811,@ulakaulaka5717,suuuuuus,2022-06-08T09:48:27Z,0
812,@cristianmarcelpetre8764,Cececececece,2022-06-08T05:48:58Z,1
813,@_Challenger_NA,esa mamda q,2022-06-07T21:40:50Z,4
814,@alessandra8873,Fake,2022-06-07T20:38:08Z,7
815,@Hold_me_forever,Wtf wtf wtf wtf wtf?????,2022-06-07T20:02:43Z,17
816,@ì†Œë¼-t8g,"ì¤‘êµ­ì€ êµ­ë¯¼ë“¤ì˜ ìƒëª…ì„ ë‹´ë³´ë¡œí•œ ì‹œê°„ë³´ë‹¤ ëˆì„ ê°€ì§„ ë¶€ìì˜ ì‹œê°„ì„ ì†Œì¤‘íˆí•œë‹¤.
ì´ê²Œ ì´ ì˜ìƒì˜ ì§„ì‹¤ì´ë‹¤.
ì •ì‹ ì°¨ë¦¬ê³  ë…ë¦½í•˜ë¼
ììœ ëŠ” ë§¤ìš° ë§ì€ í”¼ì™€ ê°’ë¹„ì‹¼ ëˆìœ¼ë¡œ ì´ë£¨ì–´ì§„ë‹¤.",2022-06-07T19:39:33Z,11
817,@abrornurmatov4846,Ğ”Ğ¶Ğ°Ğ¼Ñ‰Ñ‹Ñ‚Ñ‹,2022-06-07T19:35:24Z,1
818,@balaicrishnandhasarathan9229,ğŸŒˆTesla â¤ï¸à®¨à¯€ ?/ à®ªà®¾ trillionare à®à®©à¯à®©à¯†à®©à¯à®© à®•à¯‚à®¤à¯à®¤à¯ à®µà¯‡à®£à®¾à®²à¯à®®à¯ ğŸ’ à®ªà®£à¯à®£à¯à®µ,2022-06-07T19:18:52Z,3
819,@prateekbose9564,Future technology is to stop an ambulance and let the patient die. Future is in great danger.,2022-06-07T15:50:28Z,0
820,@myduyentv4302,NÃ³i tiáº¿ng,2022-06-07T15:13:43Z,2
821,@yogendrapalsingh1724,",,,ğŸ…ğŸŒ¶ğŸ¥š",2022-06-07T03:17:37Z,5
822,@yogendrapalsingh1724,ğŸŒ¶yuioppw,2022-06-07T03:17:06Z,0
823,@loredanaglajar1493,Salvarea nu mai trece,2022-06-06T16:34:29Z,9
824,@DomiGaming3,Wtf,2022-06-06T14:54:17Z,0
825,@Ğ•ĞºĞ°Ñ‚ĞµÑ€Ğ¸Ğ½Ğ°Ğ“Ñ€Ğ¸Ğ³Ğ¾Ñ€ÑŒĞµĞ²Ğ°-Ğ´2Ñ‚,Ğ­,2022-06-06T13:49:06Z,1
826,@Ø²ÙŠØ§Ø¯Ø§Ù„Ø¹Ù„ÙŠ-Ø¬4Ø´,it has a.,2022-06-06T12:05:18Z,0
827,@LinhNguyen-kf3rw,7,2022-06-06T09:13:46Z,1
828,@TuyenNguyen-mm6wt,ğŸ¤¬ğŸ¤¬ğŸ¤¬ğŸ¤¬,2022-06-06T05:39:37Z,16
829,@marlonbagayawa7477,this is fake this is not real ğŸ˜’,2022-06-06T02:31:21Z,3
830,@heyrantal6618,Efe,2022-06-05T13:40:02Z,7
831,@Ğ¡ĞµÑ€Ğ³ĞµĞ¹ĞšĞ¾Ğ½ÑŒÑˆĞ¸Ğ½-Ğ»1ÑŒ,Ğ‘ĞµĞ½ Ğ¼Ğ°ÑˆĞ¸Ğ½Ğ° Ğ½Ğ°Ğ½Ğ°Ğ½Ğ°,2022-06-05T10:31:37Z,1
832,@chanseladoung9434,Crazy ğŸ˜¡ğŸ˜¡,2022-06-05T00:28:34Z,5
833,@é™³ä¿Šæ°-g3s,Fake video is bored,2022-06-04T09:46:40Z,2
834,@ngonguyen1304,Ãc,2022-06-03T09:09:40Z,10
